"filename", "language", "C++", "Markdown", "Python", "YAML", "CMake", "Shell Script", "C", "JSON", "pip requirements", "SCSS", "HTML", "comment", "blank", "total"
"/home/ysh/LSM/leveldb/.github/workflows/build.yml", "YAML", 0, 0, 0, 81, 0, 0, 0, 0, 0, 0, 0, 8, 14, 103
"/home/ysh/LSM/leveldb/CMakeLists.txt", "CMake", 0, 0, 0, 0, 464, 0, 0, 0, 0, 0, 0, 0, 56, 520
"/home/ysh/LSM/leveldb/CONTRIBUTING.md", "Markdown", 0, 22, 0, 0, 0, 0, 0, 0, 0, 0, 0, 0, 9, 31
"/home/ysh/LSM/leveldb/README.md", "Markdown", 0, 179, 0, 0, 0, 0, 0, 0, 0, 0, 0, 0, 68, 247
"/home/ysh/LSM/leveldb/benchmarks/db_bench.cc", "C++", 932, 0, 0, 0, 0, 0, 0, 0, 0, 0, 0, 82, 125, 1139
"/home/ysh/LSM/leveldb/benchmarks/db_bench_log.cc", "C++", 70, 0, 0, 0, 0, 0, 0, 0, 0, 0, 0, 3, 20, 93
"/home/ysh/LSM/leveldb/benchmarks/db_bench_sqlite3.cc", "C++", 570, 0, 0, 0, 0, 0, 0, 0, 0, 0, 0, 69, 88, 727
"/home/ysh/LSM/leveldb/benchmarks/db_bench_tree_db.cc", "C++", 431, 0, 0, 0, 0, 0, 0, 0, 0, 0, 0, 46, 55, 532
"/home/ysh/LSM/leveldb/db/autocompact_test.cc", "C++", 79, 0, 0, 0, 0, 0, 0, 0, 0, 0, 0, 13, 19, 111
"/home/ysh/LSM/leveldb/db/builder.cc", "C++", 62, 0, 0, 0, 0, 0, 0, 0, 0, 0, 0, 8, 13, 83
"/home/ysh/LSM/leveldb/db/builder.h", "C++", 14, 0, 0, 0, 0, 0, 0, 0, 0, 0, 0, 8, 9, 31
"/home/ysh/LSM/leveldb/db/c.cc", "C++", 463, 0, 0, 0, 0, 0, 0, 0, 0, 0, 0, 10, 93, 566
"/home/ysh/LSM/leveldb/db/c_test.c", "C", 0, 0, 0, 0, 0, 0, 329, 0, 0, 0, 0, 11, 45, 385
"/home/ysh/LSM/leveldb/db/corruption_test.cc", "C++", 297, 0, 0, 0, 0, 0, 0, 0, 0, 0, 0, 19, 47, 363
"/home/ysh/LSM/leveldb/db/db_impl.cc", "C++", 1269, 0, 0, 0, 0, 0, 0, 0, 0, 0, 0, 240, 159, 1668
"/home/ysh/LSM/leveldb/db/db_impl.h", "C++", 133, 0, 0, 0, 0, 0, 0, 0, 0, 0, 0, 38, 49, 220
"/home/ysh/LSM/leveldb/db/db_iter.cc", "C++", 254, 0, 0, 0, 0, 0, 0, 0, 0, 0, 0, 29, 36, 319
"/home/ysh/LSM/leveldb/db/db_iter.h", "C++", 12, 0, 0, 0, 0, 0, 0, 0, 0, 0, 0, 6, 9, 27
"/home/ysh/LSM/leveldb/db/db_test.cc", "C++", 1900, 0, 0, 0, 0, 0, 0, 0, 0, 0, 0, 164, 297, 2361
"/home/ysh/LSM/leveldb/db/dbformat.cc", "C++", 104, 0, 0, 0, 0, 0, 0, 0, 0, 0, 0, 15, 18, 137
"/home/ysh/LSM/leveldb/db/dbformat.h", "C++", 125, 0, 0, 0, 0, 0, 0, 0, 0, 0, 0, 52, 48, 225
"/home/ysh/LSM/leveldb/db/dbformat_test.cc", "C++", 96, 0, 0, 0, 0, 0, 0, 0, 0, 0, 0, 8, 25, 129
"/home/ysh/LSM/leveldb/db/dumpfile.cc", "C++", 197, 0, 0, 0, 0, 0, 0, 0, 0, 0, 0, 14, 22, 233
"/home/ysh/LSM/leveldb/db/fault_injection_test.cc", "C++", 448, 0, 0, 0, 0, 0, 0, 0, 0, 0, 0, 27, 76, 551
"/home/ysh/LSM/leveldb/db/filename.cc", "C++", 108, 0, 0, 0, 0, 0, 0, 0, 0, 0, 0, 15, 19, 142
"/home/ysh/LSM/leveldb/db/filename.h", "C++", 33, 0, 0, 0, 0, 0, 0, 0, 0, 0, 0, 31, 20, 84
"/home/ysh/LSM/leveldb/db/filename_test.cc", "C++", 106, 0, 0, 0, 0, 0, 0, 0, 0, 0, 0, 5, 17, 128
"/home/ysh/LSM/leveldb/db/leveldbutil.cc", "C++", 53, 0, 0, 0, 0, 0, 0, 0, 0, 0, 0, 3, 9, 65
"/home/ysh/LSM/leveldb/db/log_format.h", "C++", 17, 0, 0, 0, 0, 0, 0, 0, 0, 0, 0, 9, 10, 36
"/home/ysh/LSM/leveldb/db/log_reader.cc", "C++", 200, 0, 0, 0, 0, 0, 0, 0, 0, 0, 0, 39, 36, 275
"/home/ysh/LSM/leveldb/db/log_reader.h", "C++", 46, 0, 0, 0, 0, 0, 0, 0, 0, 0, 0, 43, 24, 113
"/home/ysh/LSM/leveldb/db/log_test.cc", "C++", 442, 0, 0, 0, 0, 0, 0, 0, 0, 0, 0, 31, 86, 559
"/home/ysh/LSM/leveldb/db/log_writer.cc", "C++", 80, 0, 0, 0, 0, 0, 0, 0, 0, 0, 0, 12, 20, 112
"/home/ysh/LSM/leveldb/db/log_writer.h", "C++", 26, 0, 0, 0, 0, 0, 0, 0, 0, 0, 0, 12, 17, 55
"/home/ysh/LSM/leveldb/db/memtable.cc", "C++", 97, 0, 0, 0, 0, 0, 0, 0, 0, 0, 0, 23, 19, 139
"/home/ysh/LSM/leveldb/db/memtable.h", "C++", 45, 0, 0, 0, 0, 0, 0, 0, 0, 0, 0, 22, 21, 88
"/home/ysh/LSM/leveldb/db/recovery_test.cc", "C++", 284, 0, 0, 0, 0, 0, 0, 0, 0, 0, 0, 15, 41, 340
"/home/ysh/LSM/leveldb/db/repair.cc", "C++", 358, 0, 0, 0, 0, 0, 0, 0, 0, 0, 0, 54, 40, 452
"/home/ysh/LSM/leveldb/db/skiplist.h", "C++", 234, 0, 0, 0, 0, 0, 0, 0, 0, 0, 0, 89, 58, 381
"/home/ysh/LSM/leveldb/db/skiplist_test.cc", "C++", 269, 0, 0, 0, 0, 0, 0, 0, 0, 0, 0, 49, 51, 369
"/home/ysh/LSM/leveldb/db/snapshot.h", "C++", 60, 0, 0, 0, 0, 0, 0, 0, 0, 0, 0, 16, 20, 96
"/home/ysh/LSM/leveldb/db/table_cache.cc", "C++", 99, 0, 0, 0, 0, 0, 0, 0, 0, 0, 0, 5, 17, 121
"/home/ysh/LSM/leveldb/db/table_cache.h", "C++", 31, 0, 0, 0, 0, 0, 0, 0, 0, 0, 0, 15, 16, 62
"/home/ysh/LSM/leveldb/db/version_edit.cc", "C++", 225, 0, 0, 0, 0, 0, 0, 0, 0, 0, 0, 7, 27, 259
"/home/ysh/LSM/leveldb/db/version_edit.h", "C++", 79, 0, 0, 0, 0, 0, 0, 0, 0, 0, 0, 7, 21, 107
"/home/ysh/LSM/leveldb/db/version_edit_test.cc", "C++", 30, 0, 0, 0, 0, 0, 0, 0, 0, 0, 0, 3, 9, 42
"/home/ysh/LSM/leveldb/db/version_set.cc", "C++", 1269, 0, 0, 0, 0, 0, 0, 0, 0, 0, 0, 241, 158, 1668
"/home/ysh/LSM/leveldb/db/version_set.h", "C++", 184, 0, 0, 0, 0, 0, 0, 0, 0, 0, 0, 124, 86, 394
"/home/ysh/LSM/leveldb/db/version_set_test.cc", "C++", 284, 0, 0, 0, 0, 0, 0, 0, 0, 0, 0, 3, 45, 332
"/home/ysh/LSM/leveldb/db/write_batch.cc", "C++", 111, 0, 0, 0, 0, 0, 0, 0, 0, 0, 0, 15, 25, 151
"/home/ysh/LSM/leveldb/db/write_batch_internal.h", "C++", 20, 0, 0, 0, 0, 0, 0, 0, 0, 0, 0, 10, 16, 46
"/home/ysh/LSM/leveldb/db/write_batch_test.cc", "C++", 117, 0, 0, 0, 0, 0, 0, 0, 0, 0, 0, 3, 13, 133
"/home/ysh/LSM/leveldb/doc/benchmark.html", "HTML", 0, 0, 0, 0, 0, 0, 0, 0, 0, 0, 420, 0, 40, 460
"/home/ysh/LSM/leveldb/doc/impl.md", "Markdown", 0, 128, 0, 0, 0, 0, 0, 0, 0, 0, 0, 0, 45, 173
"/home/ysh/LSM/leveldb/doc/index.md", "Markdown", 0, 415, 0, 0, 0, 0, 0, 0, 0, 0, 0, 0, 110, 525
"/home/ysh/LSM/leveldb/doc/log_format.md", "Markdown", 0, 54, 0, 0, 0, 0, 0, 0, 0, 0, 0, 0, 22, 76
"/home/ysh/LSM/leveldb/doc/table_format.md", "Markdown", 0, 83, 0, 0, 0, 0, 0, 0, 0, 0, 0, 0, 25, 108
"/home/ysh/LSM/leveldb/helpers/memenv/memenv.cc", "C++", 300, 0, 0, 0, 0, 0, 0, 0, 0, 0, 0, 14, 77, 391
"/home/ysh/LSM/leveldb/helpers/memenv/memenv.h", "C++", 8, 0, 0, 0, 0, 0, 0, 0, 0, 0, 0, 7, 8, 23
"/home/ysh/LSM/leveldb/helpers/memenv/memenv_test.cc", "C++", 192, 0, 0, 0, 0, 0, 0, 0, 0, 0, 0, 19, 49, 260
"/home/ysh/LSM/leveldb/include/leveldb/c.h", "C++", 158, 0, 0, 0, 0, 0, 0, 0, 0, 0, 0, 63, 50, 271
"/home/ysh/LSM/leveldb/include/leveldb/cache.h", "C++", 27, 0, 0, 0, 0, 0, 0, 0, 0, 0, 0, 56, 21, 104
"/home/ysh/LSM/leveldb/include/leveldb/comparator.h", "C++", 18, 0, 0, 0, 0, 0, 0, 0, 0, 0, 0, 32, 15, 65
"/home/ysh/LSM/leveldb/include/leveldb/db.h", "C++", 52, 0, 0, 0, 0, 0, 0, 0, 0, 0, 0, 88, 28, 168
"/home/ysh/LSM/leveldb/include/leveldb/dumpfile.h", "C++", 11, 0, 0, 0, 0, 0, 0, 0, 0, 0, 0, 10, 8, 29
"/home/ysh/LSM/leveldb/include/leveldb/env.h", "C++", 181, 0, 0, 0, 0, 0, 0, 0, 0, 0, 0, 176, 61, 418
"/home/ysh/LSM/leveldb/include/leveldb/export.h", "C++", 22, 0, 0, 0, 0, 0, 0, 0, 0, 0, 0, 3, 9, 34
"/home/ysh/LSM/leveldb/include/leveldb/filter_policy.h", "C++", 17, 0, 0, 0, 0, 0, 0, 0, 0, 0, 0, 43, 13, 73
"/home/ysh/LSM/leveldb/include/leveldb/iterator.h", "C++", 41, 0, 0, 0, 0, 0, 0, 0, 0, 0, 0, 49, 23, 113
"/home/ysh/LSM/leveldb/include/leveldb/options.h", "C++", 46, 0, 0, 0, 0, 0, 0, 0, 0, 0, 0, 111, 34, 191
"/home/ysh/LSM/leveldb/include/leveldb/slice.h", "C++", 61, 0, 0, 0, 0, 0, 0, 0, 0, 0, 0, 31, 26, 118
"/home/ysh/LSM/leveldb/include/leveldb/status.h", "C++", 70, 0, 0, 0, 0, 0, 0, 0, 0, 0, 0, 29, 24, 123
"/home/ysh/LSM/leveldb/include/leveldb/table.h", "C++", 36, 0, 0, 0, 0, 0, 0, 0, 0, 0, 0, 30, 19, 85
"/home/ysh/LSM/leveldb/include/leveldb/table_builder.h", "C++", 33, 0, 0, 0, 0, 0, 0, 0, 0, 0, 0, 40, 21, 94
"/home/ysh/LSM/leveldb/include/leveldb/write_batch.h", "C++", 31, 0, 0, 0, 0, 0, 0, 0, 0, 0, 0, 33, 20, 84
"/home/ysh/LSM/leveldb/issues/issue178_test.cc", "C++", 54, 0, 0, 0, 0, 0, 0, 0, 0, 0, 0, 15, 17, 86
"/home/ysh/LSM/leveldb/issues/issue200_test.cc", "C++", 35, 0, 0, 0, 0, 0, 0, 0, 0, 0, 0, 8, 12, 55
"/home/ysh/LSM/leveldb/issues/issue320_test.cc", "C++", 100, 0, 0, 0, 0, 0, 0, 0, 0, 0, 0, 4, 23, 127
"/home/ysh/LSM/leveldb/port/README.md", "Markdown", 0, 7, 0, 0, 0, 0, 0, 0, 0, 0, 0, 0, 4, 11
"/home/ysh/LSM/leveldb/port/port.h", "C++", 9, 0, 0, 0, 0, 0, 0, 0, 0, 0, 0, 6, 5, 20
"/home/ysh/LSM/leveldb/port/port_example.h", "C++", 37, 0, 0, 0, 0, 0, 0, 0, 0, 0, 0, 58, 26, 121
"/home/ysh/LSM/leveldb/port/port_stdcxx.h", "C++", 176, 0, 0, 0, 0, 0, 0, 0, 0, 0, 0, 17, 31, 224
"/home/ysh/LSM/leveldb/port/thread_annotations.h", "C++", 77, 0, 0, 0, 0, 0, 0, 0, 0, 0, 0, 6, 26, 109
"/home/ysh/LSM/leveldb/table/block.cc", "C++", 220, 0, 0, 0, 0, 0, 0, 0, 0, 0, 0, 39, 34, 293
"/home/ysh/LSM/leveldb/table/block.h", "C++", 26, 0, 0, 0, 0, 0, 0, 0, 0, 0, 0, 4, 15, 45
"/home/ysh/LSM/leveldb/table/block_builder.cc", "C++", 61, 0, 0, 0, 0, 0, 0, 0, 0, 0, 0, 33, 14, 108
"/home/ysh/LSM/leveldb/table/block_builder.h", "C++", 27, 0, 0, 0, 0, 0, 0, 0, 0, 0, 0, 12, 16, 55
"/home/ysh/LSM/leveldb/table/filter_block.cc", "C++", 78, 0, 0, 0, 0, 0, 0, 0, 0, 0, 0, 10, 19, 107
"/home/ysh/LSM/leveldb/table/filter_block.h", "C++", 40, 0, 0, 0, 0, 0, 0, 0, 0, 0, 0, 14, 15, 69
"/home/ysh/LSM/leveldb/table/filter_block_test.cc", "C++", 90, 0, 0, 0, 0, 0, 0, 0, 0, 0, 0, 12, 21, 123
"/home/ysh/LSM/leveldb/table/format.cc", "C++", 136, 0, 0, 0, 0, 0, 0, 0, 0, 0, 0, 12, 17, 165
"/home/ysh/LSM/leveldb/table/format.h", "C++", 52, 0, 0, 0, 0, 0, 0, 0, 0, 0, 0, 22, 26, 100
"/home/ysh/LSM/leveldb/table/iterator.cc", "C++", 60, 0, 0, 0, 0, 0, 0, 0, 0, 0, 0, 3, 14, 77
"/home/ysh/LSM/leveldb/table/iterator_wrapper.h", "C++", 71, 0, 0, 0, 0, 0, 0, 0, 0, 0, 0, 11, 11, 93
"/home/ysh/LSM/leveldb/table/merger.cc", "C++", 147, 0, 0, 0, 0, 0, 0, 0, 0, 0, 0, 19, 26, 192
"/home/ysh/LSM/leveldb/table/merger.h", "C++", 9, 0, 0, 0, 0, 0, 0, 0, 0, 0, 0, 11, 7, 27
"/home/ysh/LSM/leveldb/table/table.cc", "C++", 220, 0, 0, 0, 0, 0, 0, 0, 0, 0, 0, 22, 30, 272
"/home/ysh/LSM/leveldb/table/table_builder.cc", "C++", 213, 0, 0, 0, 0, 0, 0, 0, 0, 0, 0, 32, 36, 281
"/home/ysh/LSM/leveldb/table/table_test.cc", "C++", 702, 0, 0, 0, 0, 0, 0, 0, 0, 0, 0, 32, 109, 843
"/home/ysh/LSM/leveldb/table/two_level_iterator.cc", "C++", 136, 0, 0, 0, 0, 0, 0, 0, 0, 0, 0, 10, 26, 172
"/home/ysh/LSM/leveldb/table/two_level_iterator.h", "C++", 12, 0, 0, 0, 0, 0, 0, 0, 0, 0, 0, 12, 8, 32
"/home/ysh/LSM/leveldb/tests/generate_workload.py", "Python", 0, 0, 59, 0, 0, 0, 0, 0, 0, 0, 0, 14, 18, 91
"/home/ysh/LSM/leveldb/tests/workload_runner.cpp", "C++", 107, 0, 0, 0, 0, 0, 0, 0, 0, 0, 0, 22, 18, 147
"/home/ysh/LSM/leveldb/third_party/benchmark/.github/ISSUE_TEMPLATE/bug_report.md", "Markdown", 0, 25, 0, 0, 0, 0, 0, 0, 0, 0, 0, 0, 8, 33
"/home/ysh/LSM/leveldb/third_party/benchmark/.github/ISSUE_TEMPLATE/feature_request.md", "Markdown", 0, 15, 0, 0, 0, 0, 0, 0, 0, 0, 0, 0, 6, 21
"/home/ysh/LSM/leveldb/third_party/benchmark/.github/install_bazel.sh", "Shell Script", 0, 0, 0, 0, 0, 12, 0, 0, 0, 0, 0, 1, 1, 14
"/home/ysh/LSM/leveldb/third_party/benchmark/.github/libcxx-setup.sh", "Shell Script", 0, 0, 0, 0, 0, 2, 0, 0, 0, 0, 0, 23, 3, 28
"/home/ysh/LSM/leveldb/third_party/benchmark/.github/workflows/bazel.yml", "YAML", 0, 0, 0, 29, 0, 0, 0, 0, 0, 0, 0, 0, 7, 36
"/home/ysh/LSM/leveldb/third_party/benchmark/.github/workflows/clang-format-lint.yml", "YAML", 0, 0, 0, 15, 0, 0, 0, 0, 0, 0, 0, 0, 3, 18
"/home/ysh/LSM/leveldb/third_party/benchmark/.github/workflows/clang-tidy.yml", "YAML", 0, 0, 0, 32, 0, 0, 0, 0, 0, 0, 0, 0, 7, 39
"/home/ysh/LSM/leveldb/third_party/benchmark/.github/workflows/doxygen.yml", "YAML", 0, 0, 0, 23, 0, 0, 0, 0, 0, 0, 0, 0, 6, 29
"/home/ysh/LSM/leveldb/third_party/benchmark/.github/workflows/pylint.yml", "YAML", 0, 0, 0, 22, 0, 0, 0, 0, 0, 0, 0, 0, 7, 29
"/home/ysh/LSM/leveldb/third_party/benchmark/.github/workflows/sanitizer.yml", "YAML", 0, 0, 0, 88, 0, 0, 0, 0, 0, 0, 0, 2, 17, 107
"/home/ysh/LSM/leveldb/third_party/benchmark/.github/workflows/test_bindings.yml", "YAML", 0, 0, 0, 26, 0, 0, 0, 0, 0, 0, 0, 0, 4, 30
"/home/ysh/LSM/leveldb/third_party/benchmark/.github/workflows/wheels.yml", "YAML", 0, 0, 0, 68, 0, 0, 0, 0, 0, 0, 0, 0, 12, 80
"/home/ysh/LSM/leveldb/third_party/benchmark/.travis.yml", "YAML", 0, 0, 0, 196, 0, 0, 0, 0, 0, 0, 0, 6, 7, 209
"/home/ysh/LSM/leveldb/third_party/benchmark/.ycm_extra_conf.py", "Python", 0, 0, 76, 0, 0, 0, 0, 0, 0, 0, 0, 19, 21, 116
"/home/ysh/LSM/leveldb/third_party/benchmark/CMakeLists.txt", "CMake", 0, 0, 0, 0, 299, 0, 0, 0, 0, 0, 0, 0, 39, 338
"/home/ysh/LSM/leveldb/third_party/benchmark/CONTRIBUTING.md", "Markdown", 0, 41, 0, 0, 0, 0, 0, 0, 0, 0, 0, 0, 18, 59
"/home/ysh/LSM/leveldb/third_party/benchmark/README.md", "Markdown", 0, 170, 0, 0, 0, 0, 0, 0, 0, 0, 0, 0, 55, 225
"/home/ysh/LSM/leveldb/third_party/benchmark/_config.yml", "YAML", 0, 0, 0, 2, 0, 0, 0, 0, 0, 0, 0, 0, 1, 3
"/home/ysh/LSM/leveldb/third_party/benchmark/appveyor.yml", "YAML", 0, 0, 0, 37, 0, 0, 0, 0, 0, 0, 0, 1, 13, 51
"/home/ysh/LSM/leveldb/third_party/benchmark/bindings/python/google_benchmark/__init__.py", "Python", 0, 0, 81, 0, 0, 0, 0, 0, 0, 0, 0, 51, 31, 163
"/home/ysh/LSM/leveldb/third_party/benchmark/bindings/python/google_benchmark/benchmark.cc", "C++", 154, 0, 0, 0, 0, 0, 0, 0, 0, 0, 0, 12, 19, 185
"/home/ysh/LSM/leveldb/third_party/benchmark/bindings/python/google_benchmark/example.py", "Python", 0, 0, 75, 0, 0, 0, 0, 0, 0, 0, 0, 34, 28, 137
"/home/ysh/LSM/leveldb/third_party/benchmark/bindings/python/requirements.txt", "pip requirements", 0, 0, 0, 0, 0, 0, 0, 0, 1, 0, 0, 0, 2, 3
"/home/ysh/LSM/leveldb/third_party/benchmark/cmake/AddCXXCompilerFlag.cmake", "CMake", 0, 0, 0, 0, 72, 0, 0, 0, 0, 0, 0, 0, 7, 79
"/home/ysh/LSM/leveldb/third_party/benchmark/cmake/CXXFeatureCheck.cmake", "CMake", 0, 0, 0, 0, 76, 0, 0, 0, 0, 0, 0, 0, 7, 83
"/home/ysh/LSM/leveldb/third_party/benchmark/cmake/GetGitVersion.cmake", "CMake", 0, 0, 0, 0, 53, 0, 0, 0, 0, 0, 0, 0, 6, 59
"/home/ysh/LSM/leveldb/third_party/benchmark/cmake/GoogleTest.cmake", "CMake", 0, 0, 0, 0, 42, 0, 0, 0, 0, 0, 0, 0, 11, 53
"/home/ysh/LSM/leveldb/third_party/benchmark/cmake/gnu_posix_regex.cpp", "C++", 11, 0, 0, 0, 0, 0, 0, 0, 0, 0, 0, 0, 2, 13
"/home/ysh/LSM/leveldb/third_party/benchmark/cmake/llvm-toolchain.cmake", "CMake", 0, 0, 0, 0, 6, 0, 0, 0, 0, 0, 0, 0, 3, 9
"/home/ysh/LSM/leveldb/third_party/benchmark/cmake/posix_regex.cpp", "C++", 13, 0, 0, 0, 0, 0, 0, 0, 0, 0, 0, 0, 2, 15
"/home/ysh/LSM/leveldb/third_party/benchmark/cmake/pthread_affinity.cpp", "C++", 16, 0, 0, 0, 0, 0, 0, 0, 0, 0, 0, 0, 1, 17
"/home/ysh/LSM/leveldb/third_party/benchmark/cmake/split_list.cmake", "CMake", 0, 0, 0, 0, 3, 0, 0, 0, 0, 0, 0, 0, 1, 4
"/home/ysh/LSM/leveldb/third_party/benchmark/cmake/std_regex.cpp", "C++", 9, 0, 0, 0, 0, 0, 0, 0, 0, 0, 0, 0, 2, 11
"/home/ysh/LSM/leveldb/third_party/benchmark/cmake/steady_clock.cpp", "C++", 6, 0, 0, 0, 0, 0, 0, 0, 0, 0, 0, 0, 2, 8
"/home/ysh/LSM/leveldb/third_party/benchmark/cmake/thread_safety_attributes.cpp", "C++", 3, 0, 0, 0, 0, 0, 0, 0, 0, 0, 0, 0, 2, 5
"/home/ysh/LSM/leveldb/third_party/benchmark/docs/AssemblyTests.md", "Markdown", 0, 107, 0, 0, 0, 0, 0, 0, 0, 0, 0, 2, 41, 150
"/home/ysh/LSM/leveldb/third_party/benchmark/docs/_config.yml", "YAML", 0, 0, 0, 1, 0, 0, 0, 0, 0, 0, 0, 0, 1, 2
"/home/ysh/LSM/leveldb/third_party/benchmark/docs/dependencies.md", "Markdown", 0, 9, 0, 0, 0, 0, 0, 0, 0, 0, 0, 0, 5, 14
"/home/ysh/LSM/leveldb/third_party/benchmark/docs/index.md", "Markdown", 0, 11, 0, 0, 0, 0, 0, 0, 0, 0, 0, 0, 2, 13
"/home/ysh/LSM/leveldb/third_party/benchmark/docs/perf_counters.md", "Markdown", 0, 27, 0, 0, 0, 0, 0, 0, 0, 0, 0, 0, 9, 36
"/home/ysh/LSM/leveldb/third_party/benchmark/docs/platform_specific_build_instructions.md", "Markdown", 0, 37, 0, 0, 0, 0, 0, 0, 0, 0, 0, 0, 11, 48
"/home/ysh/LSM/leveldb/third_party/benchmark/docs/python_bindings.md", "Markdown", 0, 27, 0, 0, 0, 0, 0, 0, 0, 0, 0, 0, 8, 35
"/home/ysh/LSM/leveldb/third_party/benchmark/docs/random_interleaving.md", "Markdown", 0, 10, 0, 0, 0, 0, 0, 0, 0, 0, 0, 0, 4, 14
"/home/ysh/LSM/leveldb/third_party/benchmark/docs/reducing_variance.md", "Markdown", 0, 77, 0, 0, 0, 0, 0, 0, 0, 0, 0, 0, 24, 101
"/home/ysh/LSM/leveldb/third_party/benchmark/docs/releasing.md", "Markdown", 0, 30, 0, 0, 0, 0, 0, 0, 0, 0, 0, 0, 8, 38
"/home/ysh/LSM/leveldb/third_party/benchmark/docs/tools.md", "Markdown", 0, 175, 0, 0, 0, 0, 0, 0, 0, 0, 0, 0, 29, 204
"/home/ysh/LSM/leveldb/third_party/benchmark/docs/user_guide.md", "Markdown", 0, 994, 0, 0, 0, 0, 0, 0, 0, 0, 0, 8, 265, 1267
"/home/ysh/LSM/leveldb/third_party/benchmark/include/benchmark/benchmark.h", "C++", 1039, 0, 0, 0, 0, 0, 0, 0, 0, 0, 0, 632, 283, 1954
"/home/ysh/LSM/leveldb/third_party/benchmark/include/benchmark/export.h", "C++", 38, 0, 0, 0, 0, 0, 0, 0, 0, 0, 0, 2, 8, 48
"/home/ysh/LSM/leveldb/third_party/benchmark/requirements.txt", "pip requirements", 0, 0, 0, 0, 0, 0, 0, 0, 2, 0, 0, 0, 1, 3
"/home/ysh/LSM/leveldb/third_party/benchmark/setup.py", "Python", 0, 0, 122, 0, 0, 0, 0, 0, 0, 0, 0, 14, 31, 167
"/home/ysh/LSM/leveldb/third_party/benchmark/src/CMakeLists.txt", "CMake", 0, 0, 0, 0, 144, 0, 0, 0, 0, 0, 0, 0, 27, 171
"/home/ysh/LSM/leveldb/third_party/benchmark/src/arraysize.h", "C++", 15, 0, 0, 0, 0, 0, 0, 0, 0, 0, 0, 11, 8, 34
"/home/ysh/LSM/leveldb/third_party/benchmark/src/benchmark.cc", "C++", 565, 0, 0, 0, 0, 0, 0, 0, 0, 0, 0, 98, 103, 766
"/home/ysh/LSM/leveldb/third_party/benchmark/src/benchmark_api_internal.cc", "C++", 100, 0, 0, 0, 0, 0, 0, 0, 0, 0, 0, 0, 19, 119
"/home/ysh/LSM/leveldb/third_party/benchmark/src/benchmark_api_internal.h", "C++", 73, 0, 0, 0, 0, 0, 0, 0, 0, 0, 0, 1, 14, 88
"/home/ysh/LSM/leveldb/third_party/benchmark/src/benchmark_main.cc", "C++", 3, 0, 0, 0, 0, 0, 0, 0, 0, 0, 0, 13, 3, 19
"/home/ysh/LSM/leveldb/third_party/benchmark/src/benchmark_name.cc", "C++", 32, 0, 0, 0, 0, 0, 0, 0, 0, 0, 0, 16, 12, 60
"/home/ysh/LSM/leveldb/third_party/benchmark/src/benchmark_register.cc", "C++", 389, 0, 0, 0, 0, 0, 0, 0, 0, 0, 0, 45, 87, 521
"/home/ysh/LSM/leveldb/third_party/benchmark/src/benchmark_register.h", "C++", 66, 0, 0, 0, 0, 0, 0, 0, 0, 0, 0, 19, 25, 110
"/home/ysh/LSM/leveldb/third_party/benchmark/src/benchmark_runner.cc", "C++", 326, 0, 0, 0, 0, 0, 0, 0, 0, 0, 0, 98, 74, 498
"/home/ysh/LSM/leveldb/third_party/benchmark/src/benchmark_runner.h", "C++", 79, 0, 0, 0, 0, 0, 0, 0, 0, 0, 0, 15, 38, 132
"/home/ysh/LSM/leveldb/third_party/benchmark/src/check.cc", "C++", 7, 0, 0, 0, 0, 0, 0, 0, 0, 0, 0, 0, 5, 12
"/home/ysh/LSM/leveldb/third_party/benchmark/src/check.h", "C++", 81, 0, 0, 0, 0, 0, 0, 0, 0, 0, 0, 8, 18, 107
"/home/ysh/LSM/leveldb/third_party/benchmark/src/colorprint.cc", "C++", 138, 0, 0, 0, 0, 0, 0, 0, 0, 0, 0, 26, 25, 189
"/home/ysh/LSM/leveldb/third_party/benchmark/src/colorprint.h", "C++", 24, 0, 0, 0, 0, 0, 0, 0, 0, 0, 0, 2, 8, 34
"/home/ysh/LSM/leveldb/third_party/benchmark/src/commandlineflags.cc", "C++", 192, 0, 0, 0, 0, 0, 0, 0, 0, 0, 0, 57, 50, 299
"/home/ysh/LSM/leveldb/third_party/benchmark/src/commandlineflags.h", "C++", 56, 0, 0, 0, 0, 0, 0, 0, 0, 0, 0, 57, 21, 134
"/home/ysh/LSM/leveldb/third_party/benchmark/src/complexity.cc", "C++", 157, 0, 0, 0, 0, 0, 0, 0, 0, 0, 0, 53, 35, 245
"/home/ysh/LSM/leveldb/third_party/benchmark/src/complexity.h", "C++", 17, 0, 0, 0, 0, 0, 0, 0, 0, 0, 0, 26, 13, 56
"/home/ysh/LSM/leveldb/third_party/benchmark/src/console_reporter.cc", "C++", 160, 0, 0, 0, 0, 0, 0, 0, 0, 0, 0, 26, 21, 207
"/home/ysh/LSM/leveldb/third_party/benchmark/src/counter.cc", "C++", 57, 0, 0, 0, 0, 0, 0, 0, 0, 0, 0, 15, 9, 81
"/home/ysh/LSM/leveldb/third_party/benchmark/src/counter.h", "C++", 12, 0, 0, 0, 0, 0, 0, 0, 0, 0, 0, 14, 7, 33
"/home/ysh/LSM/leveldb/third_party/benchmark/src/csv_reporter.cc", "C++", 121, 0, 0, 0, 0, 0, 0, 0, 0, 0, 0, 21, 20, 162
"/home/ysh/LSM/leveldb/third_party/benchmark/src/cycleclock.h", "C++", 141, 0, 0, 0, 0, 0, 0, 0, 0, 0, 0, 80, 10, 231
"/home/ysh/LSM/leveldb/third_party/benchmark/src/internal_macros.h", "C++", 97, 0, 0, 0, 0, 0, 0, 0, 0, 0, 0, 5, 12, 114
"/home/ysh/LSM/leveldb/third_party/benchmark/src/json_reporter.cc", "C++", 269, 0, 0, 0, 0, 0, 0, 0, 0, 0, 0, 16, 36, 321
"/home/ysh/LSM/leveldb/third_party/benchmark/src/log.h", "C++", 64, 0, 0, 0, 0, 0, 0, 0, 0, 0, 0, 8, 17, 89
"/home/ysh/LSM/leveldb/third_party/benchmark/src/mutex.h", "C++", 103, 0, 0, 0, 0, 0, 0, 0, 0, 0, 0, 14, 39, 156
"/home/ysh/LSM/leveldb/third_party/benchmark/src/perf_counters.cc", "C++", 172, 0, 0, 0, 0, 0, 0, 0, 0, 0, 0, 60, 38, 270
"/home/ysh/LSM/leveldb/third_party/benchmark/src/perf_counters.h", "C++", 111, 0, 0, 0, 0, 0, 0, 0, 0, 0, 0, 55, 37, 203
"/home/ysh/LSM/leveldb/third_party/benchmark/src/re.h", "C++", 102, 0, 0, 0, 0, 0, 0, 0, 0, 0, 0, 28, 29, 159
"/home/ysh/LSM/leveldb/third_party/benchmark/src/reporter.cc", "C++", 83, 0, 0, 0, 0, 0, 0, 0, 0, 0, 0, 16, 20, 119
"/home/ysh/LSM/leveldb/third_party/benchmark/src/statistics.cc", "C++", 132, 0, 0, 0, 0, 0, 0, 0, 0, 0, 0, 42, 36, 210
"/home/ysh/LSM/leveldb/third_party/benchmark/src/statistics.h", "C++", 18, 0, 0, 0, 0, 0, 0, 0, 0, 0, 0, 18, 9, 45
"/home/ysh/LSM/leveldb/third_party/benchmark/src/string_util.cc", "C++", 189, 0, 0, 0, 0, 0, 0, 0, 0, 0, 0, 38, 39, 266
"/home/ysh/LSM/leveldb/third_party/benchmark/src/string_util.h", "C++", 48, 0, 0, 0, 0, 0, 0, 0, 0, 0, 0, 9, 14, 71
"/home/ysh/LSM/leveldb/third_party/benchmark/src/sysinfo.cc", "C++", 715, 0, 0, 0, 0, 0, 0, 0, 0, 0, 0, 63, 78, 856
"/home/ysh/LSM/leveldb/third_party/benchmark/src/thread_manager.h", "C++", 51, 0, 0, 0, 0, 0, 0, 0, 0, 0, 0, 0, 13, 64
"/home/ysh/LSM/leveldb/third_party/benchmark/src/thread_timer.h", "C++", 58, 0, 0, 0, 0, 0, 0, 0, 0, 0, 0, 11, 18, 87
"/home/ysh/LSM/leveldb/third_party/benchmark/src/timers.cc", "C++", 203, 0, 0, 0, 0, 0, 0, 0, 0, 0, 0, 45, 25, 273
"/home/ysh/LSM/leveldb/third_party/benchmark/src/timers.h", "C++", 33, 0, 0, 0, 0, 0, 0, 0, 0, 0, 0, 3, 13, 49
"/home/ysh/LSM/leveldb/third_party/benchmark/test/AssemblyTests.cmake", "CMake", 0, 0, 0, 0, 59, 0, 0, 0, 0, 0, 0, 0, 9, 68
"/home/ysh/LSM/leveldb/third_party/benchmark/test/CMakeLists.txt", "CMake", 0, 0, 0, 0, 252, 0, 0, 0, 0, 0, 0, 0, 53, 305
"/home/ysh/LSM/leveldb/third_party/benchmark/test/args_product_test.cc", "C++", 65, 0, 0, 0, 0, 0, 0, 0, 0, 0, 0, 2, 11, 78
"/home/ysh/LSM/leveldb/third_party/benchmark/test/basic_test.cc", "C++", 148, 0, 0, 0, 0, 0, 0, 0, 0, 0, 0, 12, 21, 181
"/home/ysh/LSM/leveldb/third_party/benchmark/test/benchmark_gtest.cc", "C++", 136, 0, 0, 0, 0, 0, 0, 0, 0, 0, 0, 3, 31, 170
"/home/ysh/LSM/leveldb/third_party/benchmark/test/benchmark_min_time_flag_iters_test.cc", "C++", 47, 0, 0, 0, 0, 0, 0, 0, 0, 0, 0, 4, 16, 67
"/home/ysh/LSM/leveldb/third_party/benchmark/test/benchmark_min_time_flag_time_test.cc", "C++", 62, 0, 0, 0, 0, 0, 0, 0, 0, 0, 0, 6, 23, 91
"/home/ysh/LSM/leveldb/third_party/benchmark/test/benchmark_name_gtest.cc", "C++", 69, 0, 0, 0, 0, 0, 0, 0, 0, 0, 0, 0, 14, 83
"/home/ysh/LSM/leveldb/third_party/benchmark/test/benchmark_random_interleaving_gtest.cc", "C++", 104, 0, 0, 0, 0, 0, 0, 0, 0, 0, 0, 0, 23, 127
"/home/ysh/LSM/leveldb/third_party/benchmark/test/benchmark_setup_teardown_test.cc", "C++", 117, 0, 0, 0, 0, 0, 0, 0, 0, 0, 0, 13, 28, 158
"/home/ysh/LSM/leveldb/third_party/benchmark/test/benchmark_test.cc", "C++", 227, 0, 0, 0, 0, 0, 0, 0, 0, 0, 0, 11, 37, 275
"/home/ysh/LSM/leveldb/third_party/benchmark/test/clobber_memory_assembly_test.cc", "C++", 36, 0, 0, 0, 0, 0, 0, 0, 0, 0, 0, 21, 8, 65
"/home/ysh/LSM/leveldb/third_party/benchmark/test/commandlineflags_gtest.cc", "C++", 179, 0, 0, 0, 0, 0, 0, 0, 0, 0, 0, 1, 49, 229
"/home/ysh/LSM/leveldb/third_party/benchmark/test/complexity_test.cc", "C++", 172, 0, 0, 0, 0, 0, 0, 0, 0, 0, 0, 27, 30, 229
"/home/ysh/LSM/leveldb/third_party/benchmark/test/cxx03_test.cc", "C++", 49, 0, 0, 0, 0, 0, 0, 0, 0, 0, 0, 2, 12, 63
"/home/ysh/LSM/leveldb/third_party/benchmark/test/diagnostics_test.cc", "C++", 58, 0, 0, 0, 0, 0, 0, 0, 0, 0, 0, 8, 17, 83
"/home/ysh/LSM/leveldb/third_party/benchmark/test/display_aggregates_only_test.cc", "C++", 35, 0, 0, 0, 0, 0, 0, 0, 0, 0, 0, 3, 8, 46
"/home/ysh/LSM/leveldb/third_party/benchmark/test/donotoptimize_assembly_test.cc", "C++", 99, 0, 0, 0, 0, 0, 0, 0, 0, 0, 0, 75, 28, 202
"/home/ysh/LSM/leveldb/third_party/benchmark/test/donotoptimize_test.cc", "C++", 45, 0, 0, 0, 0, 0, 0, 0, 0, 0, 0, 4, 16, 65
"/home/ysh/LSM/leveldb/third_party/benchmark/test/filter_test.cc", "C++", 93, 0, 0, 0, 0, 0, 0, 0, 0, 0, 0, 1, 24, 118
"/home/ysh/LSM/leveldb/third_party/benchmark/test/fixture_test.cc", "C++", 41, 0, 0, 0, 0, 0, 0, 0, 0, 0, 0, 0, 11, 52
"/home/ysh/LSM/leveldb/third_party/benchmark/test/internal_threading_test.cc", "C++", 151, 0, 0, 0, 0, 0, 0, 0, 0, 0, 0, 12, 23, 186
"/home/ysh/LSM/leveldb/third_party/benchmark/test/link_main_test.cc", "C++", 8, 0, 0, 0, 0, 0, 0, 0, 0, 0, 0, 0, 2, 10
"/home/ysh/LSM/leveldb/third_party/benchmark/test/map_test.cc", "C++", 47, 0, 0, 0, 0, 0, 0, 0, 0, 0, 0, 2, 11, 60
"/home/ysh/LSM/leveldb/third_party/benchmark/test/memory_manager_test.cc", "C++", 41, 0, 0, 0, 0, 0, 0, 0, 0, 0, 0, 0, 7, 48
"/home/ysh/LSM/leveldb/third_party/benchmark/test/min_time_parse_gtest.cc", "C++", 24, 0, 0, 0, 0, 0, 0, 0, 0, 0, 0, 1, 6, 31
"/home/ysh/LSM/leveldb/third_party/benchmark/test/multiple_ranges_test.cc", "C++", 81, 0, 0, 0, 0, 0, 0, 0, 0, 0, 0, 3, 13, 97
"/home/ysh/LSM/leveldb/third_party/benchmark/test/options_test.cc", "C++", 62, 0, 0, 0, 0, 0, 0, 0, 0, 0, 0, 4, 12, 78
"/home/ysh/LSM/leveldb/third_party/benchmark/test/output_test.h", "C++", 122, 0, 0, 0, 0, 0, 0, 0, 0, 0, 0, 45, 45, 212
"/home/ysh/LSM/leveldb/third_party/benchmark/test/output_test_helper.cc", "C++", 414, 0, 0, 0, 0, 0, 0, 0, 0, 0, 0, 45, 61, 520
"/home/ysh/LSM/leveldb/third_party/benchmark/test/perf_counters_gtest.cc", "C++", 229, 0, 0, 0, 0, 0, 0, 0, 0, 0, 0, 53, 35, 317
"/home/ysh/LSM/leveldb/third_party/benchmark/test/perf_counters_test.cc", "C++", 23, 0, 0, 0, 0, 0, 0, 0, 0, 0, 0, 0, 6, 29
"/home/ysh/LSM/leveldb/third_party/benchmark/test/register_benchmark_test.cc", "C++", 141, 0, 0, 0, 0, 0, 0, 0, 0, 0, 0, 23, 33, 197
"/home/ysh/LSM/leveldb/third_party/benchmark/test/repetitions_test.cc", "C++", 196, 0, 0, 0, 0, 0, 0, 0, 0, 0, 0, 9, 10, 215
"/home/ysh/LSM/leveldb/third_party/benchmark/test/report_aggregates_only_test.cc", "C++", 31, 0, 0, 0, 0, 0, 0, 0, 0, 0, 0, 3, 8, 42
"/home/ysh/LSM/leveldb/third_party/benchmark/test/reporter_output_test.cc", "C++", 992, 0, 0, 0, 0, 0, 0, 0, 0, 0, 0, 81, 58, 1131
"/home/ysh/LSM/leveldb/third_party/benchmark/test/skip_with_error_test.cc", "C++", 168, 0, 0, 0, 0, 0, 0, 0, 0, 0, 0, 4, 28, 200
"/home/ysh/LSM/leveldb/third_party/benchmark/test/spec_arg_test.cc", "C++", 82, 0, 0, 0, 0, 0, 0, 0, 0, 0, 0, 6, 18, 106
"/home/ysh/LSM/leveldb/third_party/benchmark/test/spec_arg_verbosity_test.cc", "C++", 32, 0, 0, 0, 0, 0, 0, 0, 0, 0, 0, 4, 8, 44
"/home/ysh/LSM/leveldb/third_party/benchmark/test/state_assembly_test.cc", "C++", 26, 0, 0, 0, 0, 0, 0, 0, 0, 0, 0, 31, 12, 69
"/home/ysh/LSM/leveldb/third_party/benchmark/test/statistics_gtest.cc", "C++", 26, 0, 0, 0, 0, 0, 0, 0, 0, 0, 0, 3, 7, 36
"/home/ysh/LSM/leveldb/third_party/benchmark/test/string_util_gtest.cc", "C++", 152, 0, 0, 0, 0, 0, 0, 0, 0, 0, 0, 4, 8, 164
"/home/ysh/LSM/leveldb/third_party/benchmark/test/templated_fixture_test.cc", "C++", 21, 0, 0, 0, 0, 0, 0, 0, 0, 0, 0, 0, 8, 29
"/home/ysh/LSM/leveldb/third_party/benchmark/test/time_unit_gtest.cc", "C++", 29, 0, 0, 0, 0, 0, 0, 0, 0, 0, 0, 0, 9, 38
"/home/ysh/LSM/leveldb/third_party/benchmark/test/user_counters_tabular_test.cc", "C++", 508, 0, 0, 0, 0, 0, 0, 0, 0, 0, 0, 35, 16, 559
"/home/ysh/LSM/leveldb/third_party/benchmark/test/user_counters_test.cc", "C++", 446, 0, 0, 0, 0, 0, 0, 0, 0, 0, 0, 83, 33, 562
"/home/ysh/LSM/leveldb/third_party/benchmark/test/user_counters_thousands_test.cc", "C++", 169, 0, 0, 0, 0, 0, 0, 0, 0, 0, 0, 9, 9, 187
"/home/ysh/LSM/leveldb/third_party/benchmark/tools/compare.py", "Python", 0, 0, 360, 0, 0, 0, 0, 0, 0, 0, 0, 23, 50, 433
"/home/ysh/LSM/leveldb/third_party/benchmark/tools/gbench/Inputs/test1_run1.json", "JSON", 0, 0, 0, 0, 0, 0, 0, 127, 0, 0, 0, 0, 1, 128
"/home/ysh/LSM/leveldb/third_party/benchmark/tools/gbench/Inputs/test1_run2.json", "JSON", 0, 0, 0, 0, 0, 0, 0, 127, 0, 0, 0, 0, 1, 128
"/home/ysh/LSM/leveldb/third_party/benchmark/tools/gbench/Inputs/test2_run.json", "JSON", 0, 0, 0, 0, 0, 0, 0, 81, 0, 0, 0, 0, 1, 82
"/home/ysh/LSM/leveldb/third_party/benchmark/tools/gbench/Inputs/test3_run0.json", "JSON", 0, 0, 0, 0, 0, 0, 0, 65, 0, 0, 0, 0, 1, 66
"/home/ysh/LSM/leveldb/third_party/benchmark/tools/gbench/Inputs/test3_run1.json", "JSON", 0, 0, 0, 0, 0, 0, 0, 65, 0, 0, 0, 0, 1, 66
"/home/ysh/LSM/leveldb/third_party/benchmark/tools/gbench/Inputs/test4_run.json", "JSON", 0, 0, 0, 0, 0, 0, 0, 88, 0, 0, 0, 0, 9, 97
"/home/ysh/LSM/leveldb/third_party/benchmark/tools/gbench/Inputs/test4_run0.json", "JSON", 0, 0, 0, 0, 0, 0, 0, 21, 0, 0, 0, 0, 1, 22
"/home/ysh/LSM/leveldb/third_party/benchmark/tools/gbench/Inputs/test4_run1.json", "JSON", 0, 0, 0, 0, 0, 0, 0, 21, 0, 0, 0, 0, 1, 22
"/home/ysh/LSM/leveldb/third_party/benchmark/tools/gbench/__init__.py", "Python", 0, 0, 5, 0, 0, 0, 0, 0, 0, 0, 0, 1, 3, 9
"/home/ysh/LSM/leveldb/third_party/benchmark/tools/gbench/report.py", "Python", 0, 0, 1024, 0, 0, 0, 0, 0, 0, 0, 0, 75, 103, 1202
"/home/ysh/LSM/leveldb/third_party/benchmark/tools/gbench/util.py", "Python", 0, 0, 121, 0, 0, 0, 0, 0, 0, 0, 0, 55, 28, 204
"/home/ysh/LSM/leveldb/third_party/benchmark/tools/requirements.txt", "pip requirements", 0, 0, 0, 0, 0, 0, 0, 0, 1, 0, 0, 0, 0, 1
"/home/ysh/LSM/leveldb/third_party/benchmark/tools/strip_asm.py", "Python", 0, 0, 115, 0, 0, 0, 0, 0, 0, 0, 0, 18, 19, 152
"/home/ysh/LSM/leveldb/third_party/googletest/.github/ISSUE_TEMPLATE/00-bug_report.md", "Markdown", 0, 29, 0, 0, 0, 0, 0, 0, 0, 0, 0, 0, 15, 44
"/home/ysh/LSM/leveldb/third_party/googletest/.github/ISSUE_TEMPLATE/config.yml", "YAML", 0, 0, 0, 1, 0, 0, 0, 0, 0, 0, 0, 0, 1, 2
"/home/ysh/LSM/leveldb/third_party/googletest/.travis.yml", "YAML", 0, 0, 0, 46, 0, 0, 0, 0, 0, 0, 0, 9, 7, 62
"/home/ysh/LSM/leveldb/third_party/googletest/CMakeLists.txt", "CMake", 0, 0, 0, 0, 24, 0, 0, 0, 0, 0, 0, 0, 9, 33
"/home/ysh/LSM/leveldb/third_party/googletest/CONTRIBUTING.md", "Markdown", 0, 96, 0, 0, 0, 0, 0, 0, 0, 0, 0, 0, 35, 131
"/home/ysh/LSM/leveldb/third_party/googletest/README.md", "Markdown", 0, 98, 0, 0, 0, 0, 0, 0, 0, 0, 0, 0, 43, 141
"/home/ysh/LSM/leveldb/third_party/googletest/ci/linux-presubmit.sh", "Shell Script", 0, 0, 0, 0, 0, 82, 0, 0, 0, 0, 0, 34, 9, 125
"/home/ysh/LSM/leveldb/third_party/googletest/ci/macos-presubmit.sh", "Shell Script", 0, 0, 0, 0, 0, 34, 0, 0, 0, 0, 0, 33, 7, 74
"/home/ysh/LSM/leveldb/third_party/googletest/docs/_config.yml", "YAML", 0, 0, 0, 1, 0, 0, 0, 0, 0, 0, 0, 0, 1, 2
"/home/ysh/LSM/leveldb/third_party/googletest/docs/_data/navigation.yml", "YAML", 0, 0, 0, 37, 0, 0, 0, 0, 0, 0, 0, 0, 1, 38
"/home/ysh/LSM/leveldb/third_party/googletest/docs/_layouts/default.html", "HTML", 0, 0, 0, 0, 0, 0, 0, 0, 0, 0, 52, 0, 2, 54
"/home/ysh/LSM/leveldb/third_party/googletest/docs/_sass/main.scss", "SCSS", 0, 0, 0, 0, 0, 0, 0, 0, 0, 155, 0, 3, 36, 194
"/home/ysh/LSM/leveldb/third_party/googletest/docs/advanced.md", "Markdown", 0, 2094, 0, 0, 0, 0, 0, 0, 0, 0, 0, 0, 568, 2662
"/home/ysh/LSM/leveldb/third_party/googletest/docs/assets/css/style.scss", "SCSS", 0, 0, 0, 0, 0, 0, 0, 0, 0, 4, 0, 0, 2, 6
"/home/ysh/LSM/leveldb/third_party/googletest/docs/community_created_documentation.md", "Markdown", 0, 5, 0, 0, 0, 0, 0, 0, 0, 0, 0, 0, 3, 8
"/home/ysh/LSM/leveldb/third_party/googletest/docs/faq.md", "Markdown", 0, 580, 0, 0, 0, 0, 0, 0, 0, 0, 0, 0, 177, 757
"/home/ysh/LSM/leveldb/third_party/googletest/docs/gmock_cheat_sheet.md", "Markdown", 0, 286, 0, 0, 0, 0, 0, 0, 0, 0, 0, 0, 88, 374
"/home/ysh/LSM/leveldb/third_party/googletest/docs/gmock_cook_book.md", "Markdown", 0, 3437, 0, 0, 0, 0, 0, 0, 0, 0, 0, 2, 916, 4355
"/home/ysh/LSM/leveldb/third_party/googletest/docs/gmock_faq.md", "Markdown", 0, 301, 0, 0, 0, 0, 0, 0, 0, 0, 0, 0, 90, 391
"/home/ysh/LSM/leveldb/third_party/googletest/docs/gmock_for_dummies.md", "Markdown", 0, 566, 0, 0, 0, 0, 0, 0, 0, 0, 0, 0, 134, 700
"/home/ysh/LSM/leveldb/third_party/googletest/docs/index.md", "Markdown", 0, 19, 0, 0, 0, 0, 0, 0, 0, 0, 0, 0, 4, 23
"/home/ysh/LSM/leveldb/third_party/googletest/docs/pkgconfig.md", "Markdown", 0, 113, 0, 0, 0, 0, 0, 0, 0, 0, 0, 0, 36, 149
"/home/ysh/LSM/leveldb/third_party/googletest/docs/platforms.md", "Markdown", 0, 24, 0, 0, 0, 0, 0, 0, 0, 0, 0, 0, 12, 36
"/home/ysh/LSM/leveldb/third_party/googletest/docs/primer.md", "Markdown", 0, 442, 0, 0, 0, 0, 0, 0, 0, 0, 0, 0, 137, 579
"/home/ysh/LSM/leveldb/third_party/googletest/docs/quickstart-bazel.md", "Markdown", 0, 126, 0, 0, 0, 0, 0, 0, 0, 0, 0, 0, 36, 162
"/home/ysh/LSM/leveldb/third_party/googletest/docs/quickstart-cmake.md", "Markdown", 0, 119, 0, 0, 0, 0, 0, 0, 0, 0, 0, 0, 38, 157
"/home/ysh/LSM/leveldb/third_party/googletest/docs/reference/actions.md", "Markdown", 0, 90, 0, 0, 0, 0, 0, 0, 0, 0, 0, 0, 26, 116
"/home/ysh/LSM/leveldb/third_party/googletest/docs/reference/matchers.md", "Markdown", 0, 230, 0, 0, 0, 0, 0, 0, 0, 0, 0, 0, 54, 284
"/home/ysh/LSM/leveldb/third_party/googletest/docs/samples.md", "Markdown", 0, 20, 0, 0, 0, 0, 0, 0, 0, 0, 0, 0, 3, 23
"/home/ysh/LSM/leveldb/third_party/googletest/googlemock/CMakeLists.txt", "CMake", 0, 0, 0, 0, 184, 0, 0, 0, 0, 0, 0, 0, 35, 219
"/home/ysh/LSM/leveldb/third_party/googletest/googlemock/README.md", "Markdown", 0, 33, 0, 0, 0, 0, 0, 0, 0, 0, 0, 0, 12, 45
"/home/ysh/LSM/leveldb/third_party/googletest/googlemock/docs/README.md", "Markdown", 0, 3, 0, 0, 0, 0, 0, 0, 0, 0, 0, 0, 2, 5
"/home/ysh/LSM/leveldb/third_party/googletest/googlemock/include/gmock/gmock-actions.h", "C++", 940, 0, 0, 0, 0, 0, 0, 0, 0, 0, 0, 520, 228, 1688
"/home/ysh/LSM/leveldb/third_party/googletest/googlemock/include/gmock/gmock-cardinalities.h", "C++", 52, 0, 0, 0, 0, 0, 0, 0, 0, 0, 0, 74, 32, 158
"/home/ysh/LSM/leveldb/third_party/googletest/googlemock/include/gmock/gmock-function-mocker.h", "C++", 356, 0, 0, 0, 0, 0, 0, 0, 0, 0, 0, 55, 69, 480
"/home/ysh/LSM/leveldb/third_party/googletest/googlemock/include/gmock/gmock-matchers.h", "C++", 3442, 0, 0, 0, 0, 0, 0, 0, 0, 0, 0, 1292, 659, 5393
"/home/ysh/LSM/leveldb/third_party/googletest/googlemock/include/gmock/gmock-more-actions.h", "C++", 382, 0, 0, 0, 0, 0, 0, 0, 0, 0, 0, 160, 32, 574
"/home/ysh/LSM/leveldb/third_party/googletest/googlemock/include/gmock/gmock-more-matchers.h", "C++", 29, 0, 0, 0, 0, 0, 0, 0, 0, 0, 0, 49, 15, 93
"/home/ysh/LSM/leveldb/third_party/googletest/googlemock/include/gmock/gmock-nice-strict.h", "C++", 140, 0, 0, 0, 0, 0, 0, 0, 0, 0, 0, 84, 38, 262
"/home/ysh/LSM/leveldb/third_party/googletest/googlemock/include/gmock/gmock-spec-builders.h", "C++", 1032, 0, 0, 0, 0, 0, 0, 0, 0, 0, 0, 730, 277, 2039
"/home/ysh/LSM/leveldb/third_party/googletest/googlemock/include/gmock/gmock.h", "C++", 19, 0, 0, 0, 0, 0, 0, 0, 0, 0, 0, 66, 14, 99
"/home/ysh/LSM/leveldb/third_party/googletest/googlemock/include/gmock/internal/custom/README.md", "Markdown", 0, 11, 0, 0, 0, 0, 0, 0, 0, 0, 0, 0, 6, 17
"/home/ysh/LSM/leveldb/third_party/googletest/googlemock/include/gmock/internal/custom/gmock-generated-actions.h", "C++", 3, 0, 0, 0, 0, 0, 0, 0, 0, 0, 0, 1, 3, 7
"/home/ysh/LSM/leveldb/third_party/googletest/googlemock/include/gmock/internal/custom/gmock-matchers.h", "C++", 3, 0, 0, 0, 0, 0, 0, 0, 0, 0, 0, 32, 2, 37
"/home/ysh/LSM/leveldb/third_party/googletest/googlemock/include/gmock/internal/custom/gmock-port.h", "C++", 3, 0, 0, 0, 0, 0, 0, 0, 0, 0, 0, 33, 4, 40
"/home/ysh/LSM/leveldb/third_party/googletest/googlemock/include/gmock/internal/gmock-internal-utils.h", "C++", 224, 0, 0, 0, 0, 0, 0, 0, 0, 0, 0, 177, 59, 460
"/home/ysh/LSM/leveldb/third_party/googletest/googlemock/include/gmock/internal/gmock-port.h", "C++", 25, 0, 0, 0, 0, 0, 0, 0, 0, 0, 0, 49, 14, 88
"/home/ysh/LSM/leveldb/third_party/googletest/googlemock/include/gmock/internal/gmock-pp.h", "C++", 165, 0, 0, 0, 0, 0, 0, 0, 0, 0, 0, 89, 26, 280
"/home/ysh/LSM/leveldb/third_party/googletest/googlemock/scripts/README.md", "Markdown", 0, 4, 0, 0, 0, 0, 0, 0, 0, 0, 0, 0, 2, 6
"/home/ysh/LSM/leveldb/third_party/googletest/googlemock/scripts/fuse_gmock_files.py", "Python", 0, 0, 92, 0, 0, 0, 0, 0, 0, 0, 0, 115, 50, 257
"/home/ysh/LSM/leveldb/third_party/googletest/googlemock/scripts/generator/cpp/__init__.py", "Python", 0, 0, 0, 0, 0, 0, 0, 0, 0, 0, 0, 0, 1, 1
"/home/ysh/LSM/leveldb/third_party/googletest/googlemock/scripts/generator/cpp/ast.py", "Python", 0, 0, 1254, 0, 0, 0, 0, 0, 0, 0, 0, 264, 256, 1774
"/home/ysh/LSM/leveldb/third_party/googletest/googlemock/scripts/generator/cpp/gmock_class.py", "Python", 0, 0, 139, 0, 0, 0, 0, 0, 0, 0, 0, 69, 40, 248
"/home/ysh/LSM/leveldb/third_party/googletest/googlemock/scripts/generator/cpp/gmock_class_test.py", "Python", 0, 0, 487, 0, 0, 0, 0, 0, 0, 0, 0, 32, 52, 571
"/home/ysh/LSM/leveldb/third_party/googletest/googlemock/scripts/generator/cpp/keywords.py", "Python", 0, 0, 22, 0, 0, 0, 0, 0, 0, 0, 0, 21, 14, 57
"/home/ysh/LSM/leveldb/third_party/googletest/googlemock/scripts/generator/cpp/tokenize.py", "Python", 0, 0, 180, 0, 0, 0, 0, 0, 0, 0, 0, 68, 37, 285
"/home/ysh/LSM/leveldb/third_party/googletest/googlemock/scripts/generator/cpp/utils.py", "Python", 0, 0, 13, 0, 0, 0, 0, 0, 0, 0, 0, 19, 6, 38
"/home/ysh/LSM/leveldb/third_party/googletest/googlemock/scripts/generator/gmock_gen.py", "Python", 0, 0, 7, 0, 0, 0, 0, 0, 0, 0, 0, 18, 6, 31
"/home/ysh/LSM/leveldb/third_party/googletest/googlemock/src/gmock-all.cc", "C++", 6, 0, 0, 0, 0, 0, 0, 0, 0, 0, 0, 37, 4, 47
"/home/ysh/LSM/leveldb/third_party/googletest/googlemock/src/gmock-cardinalities.cc", "C++", 89, 0, 0, 0, 0, 0, 0, 0, 0, 0, 0, 43, 24, 156
"/home/ysh/LSM/leveldb/third_party/googletest/googlemock/src/gmock-internal-utils.cc", "C++", 109, 0, 0, 0, 0, 0, 0, 0, 0, 0, 0, 72, 20, 201
"/home/ysh/LSM/leveldb/third_party/googletest/googlemock/src/gmock-matchers.cc", "C++", 271, 0, 0, 0, 0, 0, 0, 0, 0, 0, 0, 160, 29, 460
"/home/ysh/LSM/leveldb/third_party/googletest/googlemock/src/gmock-spec-builders.cc", "C++", 583, 0, 0, 0, 0, 0, 0, 0, 0, 0, 0, 218, 108, 909
"/home/ysh/LSM/leveldb/third_party/googletest/googlemock/src/gmock.cc", "C++", 90, 0, 0, 0, 0, 0, 0, 0, 0, 0, 0, 90, 34, 214
"/home/ysh/LSM/leveldb/third_party/googletest/googlemock/src/gmock_main.cc", "C++", 26, 0, 0, 0, 0, 0, 0, 0, 0, 0, 0, 40, 7, 73
"/home/ysh/LSM/leveldb/third_party/googletest/googlemock/test/gmock-actions_test.cc", "C++", 1099, 0, 0, 0, 0, 0, 0, 0, 0, 0, 0, 212, 273, 1584
"/home/ysh/LSM/leveldb/third_party/googletest/googlemock/test/gmock-cardinalities_test.cc", "C++", 291, 0, 0, 0, 0, 0, 0, 0, 0, 0, 0, 49, 90, 430
"/home/ysh/LSM/leveldb/third_party/googletest/googlemock/test/gmock-function-mocker_test.cc", "C++", 729, 0, 0, 0, 0, 0, 0, 0, 0, 0, 0, 76, 182, 987
"/home/ysh/LSM/leveldb/third_party/googletest/googlemock/test/gmock-internal-utils_test.cc", "C++", 509, 0, 0, 0, 0, 0, 0, 0, 0, 0, 0, 96, 116, 721
"/home/ysh/LSM/leveldb/third_party/googletest/googlemock/test/gmock-matchers_test.cc", "C++", 6430, 0, 0, 0, 0, 0, 0, 0, 0, 0, 0, 773, 1360, 8563
"/home/ysh/LSM/leveldb/third_party/googletest/googlemock/test/gmock-more-actions_test.cc", "C++", 1131, 0, 0, 0, 0, 0, 0, 0, 0, 0, 0, 176, 241, 1548
"/home/ysh/LSM/leveldb/third_party/googletest/googlemock/test/gmock-nice-strict_test.cc", "C++", 349, 0, 0, 0, 0, 0, 0, 0, 0, 0, 0, 79, 112, 540
"/home/ysh/LSM/leveldb/third_party/googletest/googlemock/test/gmock-port_test.cc", "C++", 3, 0, 0, 0, 0, 0, 0, 0, 0, 0, 0, 34, 6, 43
"/home/ysh/LSM/leveldb/third_party/googletest/googlemock/test/gmock-pp-string_test.cc", "C++", 147, 0, 0, 0, 0, 0, 0, 0, 0, 0, 0, 36, 24, 207
"/home/ysh/LSM/leveldb/third_party/googletest/googlemock/test/gmock-pp_test.cc", "C++", 73, 0, 0, 0, 0, 0, 0, 0, 0, 0, 0, 3, 8, 84
"/home/ysh/LSM/leveldb/third_party/googletest/googlemock/test/gmock-spec-builders_test.cc", "C++", 1977, 0, 0, 0, 0, 0, 0, 0, 0, 0, 0, 347, 452, 2776
"/home/ysh/LSM/leveldb/third_party/googletest/googlemock/test/gmock_all_test.cc", "C++", 9, 0, 0, 0, 0, 0, 0, 0, 0, 0, 0, 36, 2, 47
"/home/ysh/LSM/leveldb/third_party/googletest/googlemock/test/gmock_ex_test.cc", "C++", 32, 0, 0, 0, 0, 0, 0, 0, 0, 0, 0, 37, 12, 81
"/home/ysh/LSM/leveldb/third_party/googletest/googlemock/test/gmock_leak_test.py", "Python", 0, 0, 54, 0, 0, 0, 0, 0, 0, 0, 0, 36, 15, 105
"/home/ysh/LSM/leveldb/third_party/googletest/googlemock/test/gmock_leak_test_.cc", "C++", 35, 0, 0, 0, 0, 0, 0, 0, 0, 0, 0, 42, 23, 100
"/home/ysh/LSM/leveldb/third_party/googletest/googlemock/test/gmock_link2_test.cc", "C++", 2, 0, 0, 0, 0, 0, 0, 0, 0, 0, 0, 33, 5, 40
"/home/ysh/LSM/leveldb/third_party/googletest/googlemock/test/gmock_link_test.cc", "C++", 2, 0, 0, 0, 0, 0, 0, 0, 0, 0, 0, 33, 5, 40
"/home/ysh/LSM/leveldb/third_party/googletest/googlemock/test/gmock_link_test.h", "C++", 408, 0, 0, 0, 0, 0, 0, 0, 0, 0, 0, 166, 117, 691
"/home/ysh/LSM/leveldb/third_party/googletest/googlemock/test/gmock_output_test.py", "Python", 0, 0, 73, 0, 0, 0, 0, 0, 0, 0, 0, 103, 8, 184
"/home/ysh/LSM/leveldb/third_party/googletest/googlemock/test/gmock_output_test_.cc", "C++", 206, 0, 0, 0, 0, 0, 0, 0, 0, 0, 0, 38, 66, 310
"/home/ysh/LSM/leveldb/third_party/googletest/googlemock/test/gmock_stress_test.cc", "C++", 143, 0, 0, 0, 0, 0, 0, 0, 0, 0, 0, 55, 43, 241
"/home/ysh/LSM/leveldb/third_party/googletest/googlemock/test/gmock_test.cc", "C++", 99, 0, 0, 0, 0, 0, 0, 0, 0, 0, 0, 34, 49, 182
"/home/ysh/LSM/leveldb/third_party/googletest/googlemock/test/gmock_test_utils.py", "Python", 0, 0, 29, 0, 0, 0, 0, 0, 0, 0, 0, 58, 22, 109
"/home/ysh/LSM/leveldb/third_party/googletest/googletest/CMakeLists.txt", "CMake", 0, 0, 0, 0, 266, 0, 0, 0, 0, 0, 0, 0, 58, 324
"/home/ysh/LSM/leveldb/third_party/googletest/googletest/README.md", "Markdown", 0, 157, 0, 0, 0, 0, 0, 0, 0, 0, 0, 0, 59, 216
"/home/ysh/LSM/leveldb/third_party/googletest/googletest/cmake/internal_utils.cmake", "CMake", 0, 0, 0, 0, 322, 0, 0, 0, 0, 0, 0, 0, 23, 345
"/home/ysh/LSM/leveldb/third_party/googletest/googletest/docs/README.md", "Markdown", 0, 3, 0, 0, 0, 0, 0, 0, 0, 0, 0, 0, 2, 5
"/home/ysh/LSM/leveldb/third_party/googletest/googletest/include/gtest/gtest-death-test.h", "C++", 72, 0, 0, 0, 0, 0, 0, 0, 0, 0, 0, 245, 30, 347
"/home/ysh/LSM/leveldb/third_party/googletest/googletest/include/gtest/gtest-matchers.h", "C++", 562, 0, 0, 0, 0, 0, 0, 0, 0, 0, 0, 241, 128, 931
"/home/ysh/LSM/leveldb/third_party/googletest/googletest/include/gtest/gtest-message.h", "C++", 65, 0, 0, 0, 0, 0, 0, 0, 0, 0, 0, 127, 28, 220
"/home/ysh/LSM/leveldb/third_party/googletest/googletest/include/gtest/gtest-param-test.h", "C++", 147, 0, 0, 0, 0, 0, 0, 0, 0, 0, 0, 322, 39, 508
"/home/ysh/LSM/leveldb/third_party/googletest/googletest/include/gtest/gtest-printers.h", "C++", 626, 0, 0, 0, 0, 0, 0, 0, 0, 0, 0, 290, 114, 1030
"/home/ysh/LSM/leveldb/third_party/googletest/googletest/include/gtest/gtest-spi.h", "C++", 99, 0, 0, 0, 0, 0, 0, 0, 0, 0, 0, 114, 26, 239
"/home/ysh/LSM/leveldb/third_party/googletest/googletest/include/gtest/gtest-test-part.h", "C++", 77, 0, 0, 0, 0, 0, 0, 0, 0, 0, 0, 72, 36, 185
"/home/ysh/LSM/leveldb/third_party/googletest/googletest/include/gtest/gtest-typed-test.h", "C++", 149, 0, 0, 0, 0, 0, 0, 0, 0, 0, 0, 137, 44, 330
"/home/ysh/LSM/leveldb/third_party/googletest/googletest/include/gtest/gtest.h", "C++", 969, 0, 0, 0, 0, 0, 0, 0, 0, 0, 0, 1151, 376, 2496
"/home/ysh/LSM/leveldb/third_party/googletest/googletest/include/gtest/gtest_pred_impl.h", "C++", 216, 0, 0, 0, 0, 0, 0, 0, 0, 0, 0, 98, 46, 360
"/home/ysh/LSM/leveldb/third_party/googletest/googletest/include/gtest/gtest_prod.h", "C++", 5, 0, 0, 0, 0, 0, 0, 0, 0, 0, 0, 51, 6, 62
"/home/ysh/LSM/leveldb/third_party/googletest/googletest/include/gtest/internal/custom/README.md", "Markdown", 0, 38, 0, 0, 0, 0, 0, 0, 0, 0, 0, 0, 19, 57
"/home/ysh/LSM/leveldb/third_party/googletest/googletest/include/gtest/internal/custom/gtest-port.h", "C++", 3, 0, 0, 0, 0, 0, 0, 0, 0, 0, 0, 32, 3, 38
"/home/ysh/LSM/leveldb/third_party/googletest/googletest/include/gtest/internal/custom/gtest-printers.h", "C++", 3, 0, 0, 0, 0, 0, 0, 0, 0, 0, 0, 37, 3, 43
"/home/ysh/LSM/leveldb/third_party/googletest/googletest/include/gtest/internal/custom/gtest.h", "C++", 3, 0, 0, 0, 0, 0, 0, 0, 0, 0, 0, 32, 3, 38
"/home/ysh/LSM/leveldb/third_party/googletest/googletest/include/gtest/internal/gtest-death-test-internal.h", "C++", 162, 0, 0, 0, 0, 0, 0, 0, 0, 0, 0, 101, 42, 305
"/home/ysh/LSM/leveldb/third_party/googletest/googletest/include/gtest/internal/gtest-filepath.h", "C++", 54, 0, 0, 0, 0, 0, 0, 0, 0, 0, 0, 123, 35, 212
"/home/ysh/LSM/leveldb/third_party/googletest/googletest/include/gtest/internal/gtest-internal.h", "C++", 898, 0, 0, 0, 0, 0, 0, 0, 0, 0, 0, 435, 228, 1561
"/home/ysh/LSM/leveldb/third_party/googletest/googletest/include/gtest/internal/gtest-param-util.h", "C++", 608, 0, 0, 0, 0, 0, 0, 0, 0, 0, 0, 213, 127, 948
"/home/ysh/LSM/leveldb/third_party/googletest/googletest/include/gtest/internal/gtest-port-arch.h", "C++", 75, 0, 0, 0, 0, 0, 0, 0, 0, 0, 0, 36, 4, 115
"/home/ysh/LSM/leveldb/third_party/googletest/googletest/include/gtest/internal/gtest-port.h", "C++", 1214, 0, 0, 0, 0, 0, 0, 0, 0, 0, 0, 855, 321, 2390
"/home/ysh/LSM/leveldb/third_party/googletest/googletest/include/gtest/internal/gtest-string.h", "C++", 39, 0, 0, 0, 0, 0, 0, 0, 0, 0, 0, 110, 27, 176
"/home/ysh/LSM/leveldb/third_party/googletest/googletest/include/gtest/internal/gtest-type-util.h", "C++", 97, 0, 0, 0, 0, 0, 0, 0, 0, 0, 0, 60, 27, 184
"/home/ysh/LSM/leveldb/third_party/googletest/googletest/samples/prime_tables.h", "C++", 57, 0, 0, 0, 0, 0, 0, 0, 0, 0, 0, 46, 24, 127
"/home/ysh/LSM/leveldb/third_party/googletest/googletest/samples/sample1.cc", "C++", 17, 0, 0, 0, 0, 0, 0, 0, 0, 0, 0, 39, 11, 67
"/home/ysh/LSM/leveldb/third_party/googletest/googletest/samples/sample1.h", "C++", 5, 0, 0, 0, 0, 0, 0, 0, 0, 0, 0, 31, 6, 42
"/home/ysh/LSM/leveldb/third_party/googletest/googletest/samples/sample10_unittest.cc", "C++", 60, 0, 0, 0, 0, 0, 0, 0, 0, 0, 0, 59, 21, 140
"/home/ysh/LSM/leveldb/third_party/googletest/googletest/samples/sample1_unittest.cc", "C++", 36, 0, 0, 0, 0, 0, 0, 0, 0, 0, 0, 96, 20, 152
"/home/ysh/LSM/leveldb/third_party/googletest/googletest/samples/sample2.cc", "C++", 14, 0, 0, 0, 0, 0, 0, 0, 0, 0, 0, 33, 8, 55
"/home/ysh/LSM/leveldb/third_party/googletest/googletest/samples/sample2.h", "C++", 22, 0, 0, 0, 0, 0, 0, 0, 0, 0, 0, 43, 16, 81
"/home/ysh/LSM/leveldb/third_party/googletest/googletest/samples/sample2_unittest.cc", "C++", 30, 0, 0, 0, 0, 0, 0, 0, 0, 0, 0, 64, 14, 108
"/home/ysh/LSM/leveldb/third_party/googletest/googletest/samples/sample3-inl.h", "C++", 86, 0, 0, 0, 0, 0, 0, 0, 0, 0, 0, 57, 30, 173
"/home/ysh/LSM/leveldb/third_party/googletest/googletest/samples/sample3_unittest.cc", "C++", 49, 0, 0, 0, 0, 0, 0, 0, 0, 0, 0, 83, 18, 150
"/home/ysh/LSM/leveldb/third_party/googletest/googletest/samples/sample4.cc", "C++", 15, 0, 0, 0, 0, 0, 0, 0, 0, 0, 0, 33, 7, 55
"/home/ysh/LSM/leveldb/third_party/googletest/googletest/samples/sample4.h", "C++", 12, 0, 0, 0, 0, 0, 0, 0, 0, 0, 0, 34, 8, 54
"/home/ysh/LSM/leveldb/third_party/googletest/googletest/samples/sample4_unittest.cc", "C++", 12, 0, 0, 0, 0, 0, 0, 0, 0, 0, 0, 32, 10, 54
"/home/ysh/LSM/leveldb/third_party/googletest/googletest/samples/sample5_unittest.cc", "C++", 70, 0, 0, 0, 0, 0, 0, 0, 0, 0, 0, 98, 29, 197
"/home/ysh/LSM/leveldb/third_party/googletest/googletest/samples/sample6_unittest.cc", "C++", 85, 0, 0, 0, 0, 0, 0, 0, 0, 0, 0, 99, 34, 218
"/home/ysh/LSM/leveldb/third_party/googletest/googletest/samples/sample7_unittest.cc", "C++", 52, 0, 0, 0, 0, 0, 0, 0, 0, 0, 0, 50, 16, 118
"/home/ysh/LSM/leveldb/third_party/googletest/googletest/samples/sample8_unittest.cc", "C++", 77, 0, 0, 0, 0, 0, 0, 0, 0, 0, 0, 60, 18, 155
"/home/ysh/LSM/leveldb/third_party/googletest/googletest/samples/sample9_unittest.cc", "C++", 83, 0, 0, 0, 0, 0, 0, 0, 0, 0, 0, 52, 22, 157
"/home/ysh/LSM/leveldb/third_party/googletest/googletest/scripts/README.md", "Markdown", 0, 4, 0, 0, 0, 0, 0, 0, 0, 0, 0, 0, 2, 6
"/home/ysh/LSM/leveldb/third_party/googletest/googletest/scripts/common.py", "Python", 0, 0, 27, 0, 0, 0, 0, 0, 0, 0, 0, 36, 21, 84
"/home/ysh/LSM/leveldb/third_party/googletest/googletest/scripts/fuse_gtest_files.py", "Python", 0, 0, 98, 0, 0, 0, 0, 0, 0, 0, 0, 106, 50, 254
"/home/ysh/LSM/leveldb/third_party/googletest/googletest/scripts/gen_gtest_pred_impl.py", "Python", 0, 0, 341, 0, 0, 0, 0, 0, 0, 0, 0, 294, 99, 734
"/home/ysh/LSM/leveldb/third_party/googletest/googletest/scripts/release_docs.py", "Python", 0, 0, 56, 0, 0, 0, 0, 0, 0, 0, 0, 79, 24, 159
"/home/ysh/LSM/leveldb/third_party/googletest/googletest/scripts/run_with_path.py", "Python", 0, 0, 13, 0, 0, 0, 0, 0, 0, 0, 0, 11, 9, 33
"/home/ysh/LSM/leveldb/third_party/googletest/googletest/scripts/upload.py", "Python", 0, 0, 949, 0, 0, 0, 0, 0, 0, 0, 0, 348, 106, 1403
"/home/ysh/LSM/leveldb/third_party/googletest/googletest/scripts/upload_gtest.py", "Python", 0, 0, 25, 0, 0, 0, 0, 0, 0, 0, 0, 42, 12, 79
"/home/ysh/LSM/leveldb/third_party/googletest/googletest/src/gtest-all.cc", "C++", 9, 0, 0, 0, 0, 0, 0, 0, 0, 0, 0, 36, 4, 49
"/home/ysh/LSM/leveldb/third_party/googletest/googletest/src/gtest-death-test.cc", "C++", 1061, 0, 0, 0, 0, 0, 0, 0, 0, 0, 0, 369, 215, 1645
"/home/ysh/LSM/leveldb/third_party/googletest/googletest/src/gtest-filepath.cc", "C++", 231, 0, 0, 0, 0, 0, 0, 0, 0, 0, 0, 104, 35, 370
"/home/ysh/LSM/leveldb/third_party/googletest/googletest/src/gtest-internal-inl.h", "C++", 591, 0, 0, 0, 0, 0, 0, 0, 0, 0, 0, 417, 214, 1222
"/home/ysh/LSM/leveldb/third_party/googletest/googletest/src/gtest-matchers.cc", "C++", 30, 0, 0, 0, 0, 0, 0, 0, 0, 0, 0, 52, 16, 98
"/home/ysh/LSM/leveldb/third_party/googletest/googletest/src/gtest-port.cc", "C++", 970, 0, 0, 0, 0, 0, 0, 0, 0, 0, 0, 255, 190, 1415
"/home/ysh/LSM/leveldb/third_party/googletest/googletest/src/gtest-printers.cc", "C++", 337, 0, 0, 0, 0, 0, 0, 0, 0, 0, 0, 127, 70, 534
"/home/ysh/LSM/leveldb/third_party/googletest/googletest/src/gtest-test-part.cc", "C++", 55, 0, 0, 0, 0, 0, 0, 0, 0, 0, 0, 36, 18, 109
"/home/ysh/LSM/leveldb/third_party/googletest/googletest/src/gtest-typed-test.cc", "C++", 58, 0, 0, 0, 0, 0, 0, 0, 0, 0, 0, 33, 17, 108
"/home/ysh/LSM/leveldb/third_party/googletest/googletest/src/gtest.cc", "C++", 4553, 0, 0, 0, 0, 0, 0, 0, 0, 0, 0, 1303, 891, 6747
"/home/ysh/LSM/leveldb/third_party/googletest/googletest/src/gtest_main.cc", "C++", 20, 0, 0, 0, 0, 0, 0, 0, 0, 0, 0, 28, 7, 55
"/home/ysh/LSM/leveldb/third_party/googletest/googletest/test/googletest-break-on-failure-unittest.py", "Python", 0, 0, 94, 0, 0, 0, 0, 0, 0, 0, 0, 72, 43, 209
"/home/ysh/LSM/leveldb/third_party/googletest/googletest/test/googletest-break-on-failure-unittest_.cc", "C++", 26, 0, 0, 0, 0, 0, 0, 0, 0, 0, 0, 47, 14, 87
"/home/ysh/LSM/leveldb/third_party/googletest/googletest/test/googletest-catch-exceptions-test.py", "Python", 0, 0, 146, 0, 0, 0, 0, 0, 0, 0, 0, 58, 33, 237
"/home/ysh/LSM/leveldb/third_party/googletest/googletest/test/googletest-catch-exceptions-test_.cc", "C++", 202, 0, 0, 0, 0, 0, 0, 0, 0, 0, 0, 37, 55, 294
"/home/ysh/LSM/leveldb/third_party/googletest/googletest/test/googletest-color-test.py", "Python", 0, 0, 64, 0, 0, 0, 0, 0, 0, 0, 0, 38, 26, 128
"/home/ysh/LSM/leveldb/third_party/googletest/googletest/test/googletest-color-test_.cc", "C++", 16, 0, 0, 0, 0, 0, 0, 0, 0, 0, 0, 38, 9, 63
"/home/ysh/LSM/leveldb/third_party/googletest/googletest/test/googletest-death-test-test.cc", "C++", 1033, 0, 0, 0, 0, 0, 0, 0, 0, 0, 0, 248, 262, 1543
"/home/ysh/LSM/leveldb/third_party/googletest/googletest/test/googletest-death-test_ex_test.cc", "C++", 42, 0, 0, 0, 0, 0, 0, 0, 0, 0, 0, 37, 14, 93
"/home/ysh/LSM/leveldb/third_party/googletest/googletest/test/googletest-env-var-test.py", "Python", 0, 0, 55, 0, 0, 0, 0, 0, 0, 0, 0, 37, 29, 121
"/home/ysh/LSM/leveldb/third_party/googletest/googletest/test/googletest-env-var-test_.cc", "C++", 74, 0, 0, 0, 0, 0, 0, 0, 0, 0, 0, 33, 26, 133
"/home/ysh/LSM/leveldb/third_party/googletest/googletest/test/googletest-failfast-unittest.py", "Python", 0, 0, 283, 0, 0, 0, 0, 0, 0, 0, 0, 71, 57, 411
"/home/ysh/LSM/leveldb/third_party/googletest/googletest/test/googletest-failfast-unittest_.cc", "C++", 73, 0, 0, 0, 0, 0, 0, 0, 0, 0, 0, 42, 53, 168
"/home/ysh/LSM/leveldb/third_party/googletest/googletest/test/googletest-filepath-test.cc", "C++", 468, 0, 0, 0, 0, 0, 0, 0, 0, 0, 0, 81, 101, 650
"/home/ysh/LSM/leveldb/third_party/googletest/googletest/test/googletest-filter-unittest.py", "Python", 0, 0, 347, 0, 0, 0, 0, 0, 0, 0, 0, 155, 138, 640
"/home/ysh/LSM/leveldb/third_party/googletest/googletest/test/googletest-filter-unittest_.cc", "C++", 59, 0, 0, 0, 0, 0, 0, 0, 0, 0, 0, 44, 35, 138
"/home/ysh/LSM/leveldb/third_party/googletest/googletest/test/googletest-global-environment-unittest.py", "Python", 0, 0, 15, 0, 0, 0, 0, 0, 0, 0, 0, 44, 14, 73
"/home/ysh/LSM/leveldb/third_party/googletest/googletest/test/googletest-global-environment-unittest_.cc", "C++", 14, 0, 0, 0, 0, 0, 0, 0, 0, 0, 0, 35, 10, 59
"/home/ysh/LSM/leveldb/third_party/googletest/googletest/test/googletest-json-outfiles-test.py", "Python", 0, 0, 140, 0, 0, 0, 0, 0, 0, 0, 0, 34, 18, 192
"/home/ysh/LSM/leveldb/third_party/googletest/googletest/test/googletest-json-output-unittest.py", "Python", 0, 0, 721, 0, 0, 0, 0, 0, 0, 0, 0, 92, 36, 849
"/home/ysh/LSM/leveldb/third_party/googletest/googletest/test/googletest-list-tests-unittest.py", "Python", 0, 0, 114, 0, 0, 0, 0, 0, 0, 0, 0, 85, 7, 206
"/home/ysh/LSM/leveldb/third_party/googletest/googletest/test/googletest-list-tests-unittest_.cc", "C++", 73, 0, 0, 0, 0, 0, 0, 0, 0, 0, 0, 43, 41, 157
"/home/ysh/LSM/leveldb/third_party/googletest/googletest/test/googletest-listener-test.cc", "C++", 414, 0, 0, 0, 0, 0, 0, 0, 0, 0, 0, 43, 62, 519
"/home/ysh/LSM/leveldb/third_party/googletest/googletest/test/googletest-message-test.cc", "C++", 83, 0, 0, 0, 0, 0, 0, 0, 0, 0, 0, 51, 25, 159
"/home/ysh/LSM/leveldb/third_party/googletest/googletest/test/googletest-options-test.cc", "C++", 152, 0, 0, 0, 0, 0, 0, 0, 0, 0, 0, 41, 27, 220
"/home/ysh/LSM/leveldb/third_party/googletest/googletest/test/googletest-output-test.py", "Python", 0, 0, 212, 0, 0, 0, 0, 0, 0, 0, 0, 123, 12, 347
"/home/ysh/LSM/leveldb/third_party/googletest/googletest/test/googletest-output-test_.cc", "C++", 677, 0, 0, 0, 0, 0, 0, 0, 0, 0, 0, 223, 209, 1109
"/home/ysh/LSM/leveldb/third_party/googletest/googletest/test/googletest-param-test-invalid-name1-test.py", "Python", 0, 0, 16, 0, 0, 0, 0, 0, 0, 0, 0, 32, 16, 64
"/home/ysh/LSM/leveldb/third_party/googletest/googletest/test/googletest-param-test-invalid-name1-test_.cc", "C++", 14, 0, 0, 0, 0, 0, 0, 0, 0, 0, 0, 28, 9, 51
"/home/ysh/LSM/leveldb/third_party/googletest/googletest/test/googletest-param-test-invalid-name2-test.py", "Python", 0, 0, 16, 0, 0, 0, 0, 0, 0, 0, 0, 32, 15, 63
"/home/ysh/LSM/leveldb/third_party/googletest/googletest/test/googletest-param-test-invalid-name2-test_.cc", "C++", 18, 0, 0, 0, 0, 0, 0, 0, 0, 0, 0, 28, 10, 56
"/home/ysh/LSM/leveldb/third_party/googletest/googletest/test/googletest-param-test-test.cc", "C++", 740, 0, 0, 0, 0, 0, 0, 0, 0, 0, 0, 192, 188, 1120
"/home/ysh/LSM/leveldb/third_party/googletest/googletest/test/googletest-param-test-test.h", "C++", 9, 0, 0, 0, 0, 0, 0, 0, 0, 0, 0, 37, 6, 52
"/home/ysh/LSM/leveldb/third_party/googletest/googletest/test/googletest-param-test2-test.cc", "C++", 11, 0, 0, 0, 0, 0, 0, 0, 0, 0, 0, 43, 8, 62
"/home/ysh/LSM/leveldb/third_party/googletest/googletest/test/googletest-port-test.cc", "C++", 962, 0, 0, 0, 0, 0, 0, 0, 0, 0, 0, 94, 221, 1277
"/home/ysh/LSM/leveldb/third_party/googletest/googletest/test/googletest-printers-test.cc", "C++", 1367, 0, 0, 0, 0, 0, 0, 0, 0, 0, 0, 290, 306, 1963
"/home/ysh/LSM/leveldb/third_party/googletest/googletest/test/googletest-setuptestsuite-test.py", "Python", 0, 0, 15, 0, 0, 0, 0, 0, 0, 0, 0, 31, 9, 55
"/home/ysh/LSM/leveldb/third_party/googletest/googletest/test/googletest-setuptestsuite-test_.cc", "C++", 15, 0, 0, 0, 0, 0, 0, 0, 0, 0, 0, 28, 7, 50
"/home/ysh/LSM/leveldb/third_party/googletest/googletest/test/googletest-shuffle-test.py", "Python", 0, 0, 193, 0, 0, 0, 0, 0, 0, 0, 0, 71, 60, 324
"/home/ysh/LSM/leveldb/third_party/googletest/googletest/test/googletest-shuffle-test_.cc", "C++", 47, 0, 0, 0, 0, 0, 0, 0, 0, 0, 0, 35, 20, 102
"/home/ysh/LSM/leveldb/third_party/googletest/googletest/test/googletest-test-part-test.cc", "C++", 149, 0, 0, 0, 0, 0, 0, 0, 0, 0, 0, 47, 35, 231
"/home/ysh/LSM/leveldb/third_party/googletest/googletest/test/googletest-throw-on-failure-test.py", "Python", 0, 0, 73, 0, 0, 0, 0, 0, 0, 0, 0, 60, 36, 169
"/home/ysh/LSM/leveldb/third_party/googletest/googletest/test/googletest-throw-on-failure-test_.cc", "C++", 17, 0, 0, 0, 0, 0, 0, 0, 0, 0, 0, 45, 10, 72
"/home/ysh/LSM/leveldb/third_party/googletest/googletest/test/googletest-uninitialized-test.py", "Python", 0, 0, 20, 0, 0, 0, 0, 0, 0, 0, 0, 33, 15, 68
"/home/ysh/LSM/leveldb/third_party/googletest/googletest/test/googletest-uninitialized-test_.cc", "C++", 6, 0, 0, 0, 0, 0, 0, 0, 0, 0, 0, 32, 5, 43
"/home/ysh/LSM/leveldb/third_party/googletest/googletest/test/gtest-typed-test2_test.cc", "C++", 5, 0, 0, 0, 0, 0, 0, 0, 0, 0, 0, 31, 5, 41
"/home/ysh/LSM/leveldb/third_party/googletest/googletest/test/gtest-typed-test_test.cc", "C++", 249, 0, 0, 0, 0, 0, 0, 0, 0, 0, 0, 98, 91, 438
"/home/ysh/LSM/leveldb/third_party/googletest/googletest/test/gtest-typed-test_test.h", "C++", 18, 0, 0, 0, 0, 0, 0, 0, 0, 0, 0, 32, 11, 61
"/home/ysh/LSM/leveldb/third_party/googletest/googletest/test/gtest-unittest-api_test.cc", "C++", 223, 0, 0, 0, 0, 0, 0, 0, 0, 0, 0, 47, 59, 329
"/home/ysh/LSM/leveldb/third_party/googletest/googletest/test/gtest_all_test.cc", "C++", 12, 0, 0, 0, 0, 0, 0, 0, 0, 0, 0, 33, 2, 47
"/home/ysh/LSM/leveldb/third_party/googletest/googletest/test/gtest_assert_by_exception_test.cc", "C++", 62, 0, 0, 0, 0, 0, 0, 0, 0, 0, 0, 38, 17, 117
"/home/ysh/LSM/leveldb/third_party/googletest/googletest/test/gtest_environment_test.cc", "C++", 104, 0, 0, 0, 0, 0, 0, 0, 0, 0, 0, 58, 27, 189
"/home/ysh/LSM/leveldb/third_party/googletest/googletest/test/gtest_help_test.py", "Python", 0, 0, 76, 0, 0, 0, 0, 0, 0, 0, 0, 66, 31, 173
"/home/ysh/LSM/leveldb/third_party/googletest/googletest/test/gtest_help_test_.cc", "C++", 7, 0, 0, 0, 0, 0, 0, 0, 0, 0, 0, 33, 6, 46
"/home/ysh/LSM/leveldb/third_party/googletest/googletest/test/gtest_json_test_utils.py", "Python", 0, 0, 18, 0, 0, 0, 0, 0, 0, 0, 0, 38, 5, 61
"/home/ysh/LSM/leveldb/third_party/googletest/googletest/test/gtest_list_output_unittest.py", "Python", 0, 0, 221, 0, 0, 0, 0, 0, 0, 0, 0, 51, 15, 287
"/home/ysh/LSM/leveldb/third_party/googletest/googletest/test/gtest_list_output_unittest_.cc", "C++", 29, 0, 0, 0, 0, 0, 0, 0, 0, 0, 0, 38, 11, 78
"/home/ysh/LSM/leveldb/third_party/googletest/googletest/test/gtest_main_unittest.cc", "C++", 5, 0, 0, 0, 0, 0, 0, 0, 0, 0, 0, 32, 8, 45
"/home/ysh/LSM/leveldb/third_party/googletest/googletest/test/gtest_no_test_unittest.cc", "C++", 6, 0, 0, 0, 0, 0, 0, 0, 0, 0, 0, 43, 6, 55
"/home/ysh/LSM/leveldb/third_party/googletest/googletest/test/gtest_pred_impl_unittest.cc", "C++", 1743, 0, 0, 0, 0, 0, 0, 0, 0, 0, 0, 433, 247, 2423
"/home/ysh/LSM/leveldb/third_party/googletest/googletest/test/gtest_premature_exit_test.cc", "C++", 60, 0, 0, 0, 0, 0, 0, 0, 0, 0, 0, 47, 20, 127
"/home/ysh/LSM/leveldb/third_party/googletest/googletest/test/gtest_prod_test.cc", "C++", 15, 0, 0, 0, 0, 0, 0, 0, 0, 0, 0, 34, 8, 57
"/home/ysh/LSM/leveldb/third_party/googletest/googletest/test/gtest_repeat_test.cc", "C++", 133, 0, 0, 0, 0, 0, 0, 0, 0, 0, 0, 52, 49, 234
"/home/ysh/LSM/leveldb/third_party/googletest/googletest/test/gtest_skip_check_output_test.py", "Python", 0, 0, 14, 0, 0, 0, 0, 0, 0, 0, 0, 36, 10, 60
"/home/ysh/LSM/leveldb/third_party/googletest/googletest/test/gtest_skip_environment_check_output_test.py", "Python", 0, 0, 10, 0, 0, 0, 0, 0, 0, 0, 0, 36, 9, 55
"/home/ysh/LSM/leveldb/third_party/googletest/googletest/test/gtest_skip_in_environment_setup_test.cc", "C++", 12, 0, 0, 0, 0, 0, 0, 0, 0, 0, 0, 31, 7, 50
"/home/ysh/LSM/leveldb/third_party/googletest/googletest/test/gtest_skip_test.cc", "C++", 18, 0, 0, 0, 0, 0, 0, 0, 0, 0, 0, 31, 7, 56
"/home/ysh/LSM/leveldb/third_party/googletest/googletest/test/gtest_sole_header_test.cc", "C++", 18, 0, 0, 0, 0, 0, 0, 0, 0, 0, 0, 31, 8, 57
"/home/ysh/LSM/leveldb/third_party/googletest/googletest/test/gtest_stress_test.cc", "C++", 141, 0, 0, 0, 0, 0, 0, 0, 0, 0, 0, 67, 41, 249
"/home/ysh/LSM/leveldb/third_party/googletest/googletest/test/gtest_test_macro_stack_footprint_test.cc", "C++", 39, 0, 0, 0, 0, 0, 0, 0, 0, 0, 0, 42, 9, 90
"/home/ysh/LSM/leveldb/third_party/googletest/googletest/test/gtest_test_utils.py", "Python", 0, 0, 133, 0, 0, 0, 0, 0, 0, 0, 0, 122, 58, 313
"/home/ysh/LSM/leveldb/third_party/googletest/googletest/test/gtest_testbridge_test.py", "Python", 0, 0, 19, 0, 0, 0, 0, 0, 0, 0, 0, 31, 14, 64
"/home/ysh/LSM/leveldb/third_party/googletest/googletest/test/gtest_testbridge_test_.cc", "C++", 5, 0, 0, 0, 0, 0, 0, 0, 0, 0, 0, 32, 7, 44
"/home/ysh/LSM/leveldb/third_party/googletest/googletest/test/gtest_throw_on_failure_ex_test.cc", "C++", 36, 0, 0, 0, 0, 0, 0, 0, 0, 0, 0, 42, 13, 91
"/home/ysh/LSM/leveldb/third_party/googletest/googletest/test/gtest_unittest.cc", "C++", 5359, 0, 0, 0, 0, 0, 0, 0, 0, 0, 0, 1093, 1333, 7785
"/home/ysh/LSM/leveldb/third_party/googletest/googletest/test/gtest_xml_outfile1_test_.cc", "C++", 9, 0, 0, 0, 0, 0, 0, 0, 0, 0, 0, 31, 4, 44
"/home/ysh/LSM/leveldb/third_party/googletest/googletest/test/gtest_xml_outfile2_test_.cc", "C++", 9, 0, 0, 0, 0, 0, 0, 0, 0, 0, 0, 31, 4, 44
"/home/ysh/LSM/leveldb/third_party/googletest/googletest/test/gtest_xml_outfiles_test.py", "Python", 0, 0, 83, 0, 0, 0, 0, 0, 0, 0, 0, 35, 18, 136
"/home/ysh/LSM/leveldb/third_party/googletest/googletest/test/gtest_xml_output_unittest.py", "Python", 0, 0, 292, 0, 0, 0, 0, 0, 0, 0, 0, 85, 39, 416
"/home/ysh/LSM/leveldb/third_party/googletest/googletest/test/gtest_xml_output_unittest_.cc", "C++", 116, 0, 0, 0, 0, 0, 0, 0, 0, 0, 0, 44, 34, 194
"/home/ysh/LSM/leveldb/third_party/googletest/googletest/test/gtest_xml_test_utils.py", "Python", 0, 0, 99, 0, 0, 0, 0, 0, 0, 0, 0, 83, 16, 198
"/home/ysh/LSM/leveldb/third_party/googletest/googletest/test/production.cc", "C++", 2, 0, 0, 0, 0, 0, 0, 0, 0, 0, 0, 30, 4, 36
"/home/ysh/LSM/leveldb/third_party/googletest/googletest/test/production.h", "C++", 14, 0, 0, 0, 0, 0, 0, 0, 0, 0, 0, 32, 9, 55
"/home/ysh/LSM/leveldb/third_party/googletest/library.json", "JSON", 0, 0, 0, 0, 0, 0, 0, 62, 0, 0, 0, 0, 1, 63
"/home/ysh/LSM/leveldb/util/arena.cc", "C++", 48, 0, 0, 0, 0, 0, 0, 0, 0, 0, 0, 7, 12, 67
"/home/ysh/LSM/leveldb/util/arena.h", "C++", 39, 0, 0, 0, 0, 0, 0, 0, 0, 0, 0, 16, 17, 72
"/home/ysh/LSM/leveldb/util/arena_test.cc", "C++", 48, 0, 0, 0, 0, 0, 0, 0, 0, 0, 0, 6, 8, 62
"/home/ysh/LSM/leveldb/util/bloom.cc", "C++", 62, 0, 0, 0, 0, 0, 0, 0, 0, 0, 0, 13, 18, 93
"/home/ysh/LSM/leveldb/util/bloom_test.cc", "C++", 122, 0, 0, 0, 0, 0, 0, 0, 0, 0, 0, 7, 26, 155
"/home/ysh/LSM/leveldb/util/cache.cc", "C++", 299, 0, 0, 0, 0, 0, 0, 0, 0, 0, 0, 53, 50, 402
"/home/ysh/LSM/leveldb/util/cache_test.cc", "C++", 173, 0, 0, 0, 0, 0, 0, 0, 0, 0, 0, 11, 41, 225
"/home/ysh/LSM/leveldb/util/coding.cc", "C++", 134, 0, 0, 0, 0, 0, 0, 0, 0, 0, 0, 6, 17, 157
"/home/ysh/LSM/leveldb/util/coding.h", "C++", 72, 0, 0, 0, 0, 0, 0, 0, 0, 0, 0, 28, 23, 123
"/home/ysh/LSM/leveldb/util/coding_test.cc", "C++", 162, 0, 0, 0, 0, 0, 0, 0, 0, 0, 0, 7, 25, 194
"/home/ysh/LSM/leveldb/util/comparator.cc", "C++", 55, 0, 0, 0, 0, 0, 0, 0, 0, 0, 0, 7, 14, 76
"/home/ysh/LSM/leveldb/util/crc32c.cc", "C++", 322, 0, 0, 0, 0, 0, 0, 0, 0, 0, 0, 28, 31, 381
"/home/ysh/LSM/leveldb/util/crc32c.h", "C++", 19, 0, 0, 0, 0, 0, 0, 0, 0, 0, 0, 14, 11, 44
"/home/ysh/LSM/leveldb/util/crc32c_test.cc", "C++", 39, 0, 0, 0, 0, 0, 0, 0, 0, 0, 0, 4, 14, 57
"/home/ysh/LSM/leveldb/util/env.cc", "C++", 82, 0, 0, 0, 0, 0, 0, 0, 0, 0, 0, 5, 22, 109
"/home/ysh/LSM/leveldb/util/env_posix.cc", "C++", 680, 0, 0, 0, 0, 0, 0, 0, 0, 0, 0, 117, 133, 930
"/home/ysh/LSM/leveldb/util/env_posix_test.cc", "C++", 234, 0, 0, 0, 0, 0, 0, 0, 0, 0, 0, 58, 62, 354
"/home/ysh/LSM/leveldb/util/env_posix_test_helper.h", "C++", 12, 0, 0, 0, 0, 0, 0, 0, 0, 0, 0, 8, 9, 29
"/home/ysh/LSM/leveldb/util/env_test.cc", "C++", 198, 0, 0, 0, 0, 0, 0, 0, 0, 0, 0, 9, 42, 249
"/home/ysh/LSM/leveldb/util/env_windows.cc", "C++", 626, 0, 0, 0, 0, 0, 0, 0, 0, 0, 0, 74, 120, 820
"/home/ysh/LSM/leveldb/util/env_windows_test.cc", "C++", 46, 0, 0, 0, 0, 0, 0, 0, 0, 0, 0, 8, 12, 66
"/home/ysh/LSM/leveldb/util/env_windows_test_helper.h", "C++", 12, 0, 0, 0, 0, 0, 0, 0, 0, 0, 0, 6, 8, 26
"/home/ysh/LSM/leveldb/util/filter_policy.cc", "C++", 4, 0, 0, 0, 0, 0, 0, 0, 0, 0, 0, 3, 5, 12
"/home/ysh/LSM/leveldb/util/hash.cc", "C++", 37, 0, 0, 0, 0, 0, 0, 0, 0, 0, 0, 9, 10, 56
"/home/ysh/LSM/leveldb/util/hash.h", "C++", 8, 0, 0, 0, 0, 0, 0, 0, 0, 0, 0, 5, 7, 20
"/home/ysh/LSM/leveldb/util/hash_test.cc", "C++", 32, 0, 0, 0, 0, 0, 0, 0, 0, 0, 0, 3, 7, 42
"/home/ysh/LSM/leveldb/util/histogram.cc", "C++", 251, 0, 0, 0, 0, 0, 0, 0, 0, 0, 0, 6, 16, 273
"/home/ysh/LSM/leveldb/util/histogram.h", "C++", 28, 0, 0, 0, 0, 0, 0, 0, 0, 0, 0, 3, 14, 45
"/home/ysh/LSM/leveldb/util/logging.cc", "C++", 59, 0, 0, 0, 0, 0, 0, 0, 0, 0, 0, 7, 17, 83
"/home/ysh/LSM/leveldb/util/logging.h", "C++", 16, 0, 0, 0, 0, 0, 0, 0, 0, 0, 0, 16, 13, 45
"/home/ysh/LSM/leveldb/util/logging_test.cc", "C++", 113, 0, 0, 0, 0, 0, 0, 0, 0, 0, 0, 3, 25, 141
"/home/ysh/LSM/leveldb/util/mutexlock.h", "C++", 18, 0, 0, 0, 0, 0, 0, 0, 0, 0, 0, 12, 10, 40
"/home/ysh/LSM/leveldb/util/no_destructor.h", "C++", 34, 0, 0, 0, 0, 0, 0, 0, 0, 0, 0, 6, 11, 51
"/home/ysh/LSM/leveldb/util/no_destructor_test.cc", "C++", 28, 0, 0, 0, 0, 0, 0, 0, 0, 0, 0, 4, 13, 45
"/home/ysh/LSM/leveldb/util/options.cc", "C++", 6, 0, 0, 0, 0, 0, 0, 0, 0, 0, 0, 3, 6, 15
"/home/ysh/LSM/leveldb/util/posix_logger.h", "C++", 80, 0, 0, 0, 0, 0, 0, 0, 0, 0, 0, 28, 23, 131
"/home/ysh/LSM/leveldb/util/random.h", "C++", 29, 0, 0, 0, 0, 0, 0, 0, 0, 0, 0, 24, 11, 64
"/home/ysh/LSM/leveldb/util/status.cc", "C++", 66, 0, 0, 0, 0, 0, 0, 0, 0, 0, 0, 3, 9, 78
"/home/ysh/LSM/leveldb/util/status_test.cc", "C++", 24, 0, 0, 0, 0, 0, 0, 0, 0, 0, 0, 4, 12, 40
"/home/ysh/LSM/leveldb/util/testutil.cc", "C++", 36, 0, 0, 0, 0, 0, 0, 0, 0, 0, 0, 6, 10, 52
"/home/ysh/LSM/leveldb/util/testutil.h", "C++", 53, 0, 0, 0, 0, 0, 0, 0, 0, 0, 0, 14, 16, 83
"/home/ysh/LSM/leveldb/util/windows_logger.h", "C++", 76, 0, 0, 0, 0, 0, 0, 0, 0, 0, 0, 27, 22, 125
"Total", "-", 85308, 11571, 9386, 705, 2266, 130, 329, 657, 4, 159, 472, 29563, 24774, 165324